,timestamp,distance(L),pupil(L),distance(R),pupil(R),duration,gazepointX,gazepointY,avg_distance,avg_pupil
0,344,885.835,4.0169999999999995,882.503,3.656,120,197,205,884.1690000000001,3.8365
1,2377,870.318,3.946,873.919,3.839,419,12,546,872.1185,3.8925
2,2816,868.373,4.019,872.323,3.855,180,2,550,870.348,3.9370000000000003
3,3414,870.2189999999999,4.055,870.503,3.9539999999999997,100,80,589,870.361,4.0045
4,3553,873.939,4.125,869.927,3.952,379,67,591,871.933,4.0385
5,4550,881.817,4.159,876.2869999999999,3.845,140,682,551,879.0519999999999,4.002
6,4849,879.077,4.13,877.862,3.773,100,652,536,878.4694999999999,3.9515000000000002
7,5308,884.659,3.949,873.793,3.582,100,655,528,879.226,3.7655
8,5607,884.2139999999999,3.903,872.5269999999999,3.565,120,729,573,878.3705,3.734
9,6145,878.196,3.9330000000000003,875.997,3.592,100,502,203,877.0965,3.7625
10,7102,876.993,3.926,862.578,3.542,179,250,203,869.7855,3.734
11,8239,873.54,3.8560000000000003,874.5269999999999,3.839,100,45,570,874.0335,3.8475
12,9156,873.503,4.001,873.336,3.7230000000000003,100,61,645,873.4195,3.862
13,9475,870.19,3.992,869.8639999999999,3.735,179,77,647,870.027,3.8635
14,9814,870.669,4.059,869.222,3.781,120,73,638,869.9455,3.92
15,10272,884.6519999999999,4.14,875.033,3.824,120,727,562,879.8425,3.9819999999999998
16,10552,885.9960000000001,4.053,875.9110000000001,3.636,100,694,532,880.9535000000001,3.8445
17,11210,875.3430000000001,3.7680000000000002,-1.0,-1.0,120,53,222,437.17150000000004,1.3840000000000001
18,13263,871.5889999999999,3.912,873.423,3.673,100,81,638,872.506,3.7925
19,15037,-1.0,-1.0,866.573,3.94,100,41,651,432.7865,1.47
20,15496,861.459,4.03,869.294,3.8169999999999997,120,87,660,865.3765,3.9234999999999998
21,15636,864.013,4.053999999999999,869.3789999999999,3.891,179,104,671,866.6959999999999,3.9724999999999997
22,15835,863.596,4.093999999999999,868.194,3.928,140,95,650,865.895,4.010999999999999
23,16134,867.443,4.0569999999999995,869.309,3.8789999999999996,120,65,638,868.376,3.9679999999999995
24,16333,871.495,4.093,867.06,3.773,100,72,623,869.2774999999999,3.933
25,16872,875.7860000000001,3.935,865.432,3.755,140,77,619,870.609,3.8449999999999998
26,17649,866.69,3.989,867.86,3.6439999999999997,159,35,595,867.2750000000001,3.8164999999999996
27,17948,872.04,3.932,868.868,3.858,160,55,555,870.454,3.895
28,18228,872.423,4.035,866.202,3.778,120,89,612,869.3125,3.9065000000000003
29,18467,873.02,4.033,865.078,3.823,140,103,610,869.049,3.928
30,19204,867.143,4.01,868.0210000000001,3.835,179,92,613,867.5820000000001,3.9225
31,21717,863.6080000000001,3.846,868.0419999999999,3.7060000000000004,120,91,620,865.825,3.7760000000000002
32,21916,864.477,3.977,869.008,3.799,180,467,859,866.7425000000001,3.888
33,22235,865.547,3.9389999999999996,870.062,3.7769999999999997,100,466,848,867.8045,3.8579999999999997
34,22913,872.7280000000001,3.946,869.077,3.568,140,447,766,870.9025,3.757
35,23312,858.1160000000001,3.965,862.798,3.677,140,436,767,860.4570000000001,3.8209999999999997
36,23531,876.7710000000001,4.172,861.821,3.603,120,457,765,869.296,3.8875
37,23969,877.043,3.807,867.918,3.572,120,498,763,872.4805,3.6895
38,25365,887.709,3.7680000000000002,874.607,3.468,120,711,532,881.1579999999999,3.6180000000000003
39,25704,874.187,3.8089999999999997,872.319,3.532,140,731,643,873.2529999999999,3.6704999999999997
40,25963,881.113,3.963,872.939,3.614,279,736,620,877.0260000000001,3.7885
41,26262,876.682,3.917,876.2460000000001,3.628,120,761,588,876.464,3.7725
42,26522,881.6419999999999,3.918,875.56,3.5660000000000003,159,733,561,878.6009999999999,3.742
43,26701,875.573,3.89,871.0319999999999,3.589,120,758,613,873.3025,3.7395
44,27319,882.056,3.895,872.96,3.4939999999999998,219,764,645,877.508,3.6944999999999997
45,28017,880.74,4.053,871.687,3.594,120,716,619,876.2135000000001,3.8235
46,28894,883.471,3.9419999999999997,873.5980000000001,3.702,120,819,684,878.5345,3.822
47,29034,882.414,3.924,873.6,3.687,199,790,705,878.0070000000001,3.8055
48,29253,868.2230000000001,3.9189999999999996,874.1160000000001,3.6630000000000003,140,797,729,871.1695000000001,3.791
49,29452,868.176,3.912,872.2180000000001,3.5980000000000003,140,773,711,870.1970000000001,3.755
50,29931,864.9119999999999,3.759,869.013,3.533,199,785,727,866.9625,3.646
51,30290,881.696,3.918,871.562,3.613,100,745,597,876.629,3.7655000000000003
52,30489,882.189,3.91,873.2130000000001,3.588,100,751,618,877.701,3.749
53,31127,881.307,3.8789999999999996,872.743,3.4789999999999996,140,759,635,877.0250000000001,3.6789999999999994
54,32582,868.535,3.654,867.946,3.4760000000000004,100,69,590,868.2405,3.5650000000000004
55,33200,866.804,3.714,869.945,3.4789999999999996,160,63,182,868.3745,3.5965
56,34078,875.1210000000001,3.679,870.27,3.575,180,72,567,872.6955,3.627
57,34397,871.02,3.7760000000000002,867.6510000000001,3.6289999999999996,120,74,581,869.3355,3.7024999999999997
58,35414,870.24,3.988,867.885,3.667,140,75,600,869.0625,3.8274999999999997
59,36072,869.095,3.9819999999999998,864.956,3.79,299,475,836,867.0255,3.886
60,37068,865.998,3.929,869.425,3.717,179,108,621,867.7115,3.823
61,37627,868.086,3.778,867.8489999999999,3.6060000000000003,140,96,609,867.9675,3.692
62,38025,875.467,3.873,872.26,3.616,140,99,606,873.8634999999999,3.7445000000000004
63,38185,-1.0,-1.0,868.679,3.815,160,104,633,433.8395,1.4075
64,38384,863.4639999999999,3.8739999999999997,867.6189999999999,3.489,100,108,628,865.5414999999999,3.6814999999999998
65,38564,862.265,3.911,871.255,3.542,100,111,642,866.76,3.7264999999999997
66,39282,-1.0,-1.0,877.7739999999999,3.832,100,91,620,438.38699999999994,1.416
67,40159,859.627,3.94,875.829,3.662,140,97,630,867.728,3.801
68,43608,876.1460000000001,3.725,872.472,3.4139999999999997,120,144,619,874.309,3.5694999999999997
69,43887,873.4830000000001,3.661,873.148,3.4330000000000003,140,117,610,873.3155,3.547
70,44585,882.685,3.673,871.95,3.29,199,765,622,877.3175,3.4815
71,44944,870.826,3.478,874.8919999999999,3.306,140,757,617,872.8589999999999,3.3920000000000003
72,46240,867.831,3.548,871.698,3.352,100,765,774,869.7645,3.45
73,46638,880.273,3.782,884.722,3.647,100,734,825,882.4975,3.7145
74,47097,881.31,3.835,862.755,3.505,259,755,875,872.0325,3.67
75,47954,879.7610000000001,3.6630000000000003,868.3530000000001,3.279,100,482,159,874.057,3.471
76,48652,883.346,3.6860000000000004,872.445,3.45,100,613,187,877.8955000000001,3.5680000000000005
77,49250,871.582,3.6189999999999998,872.322,3.319,219,96,155,871.952,3.469
78,49789,883.212,3.7910000000000004,881.039,3.463,120,531,210,882.1255,3.6270000000000002
79,50466,870.9110000000001,3.6,873.557,3.471,120,54,212,872.234,3.5355
80,52141,872.9830000000001,3.806,874.6160000000001,3.488,100,67,597,873.7995000000001,3.6470000000000002
81,52400,873.053,3.783,879.6030000000001,3.54,120,73,636,876.328,3.6615
82,52779,873.314,3.852,871.362,3.698,100,18,573,872.338,3.775
83,53278,872.2080000000001,4.247,871.555,3.736,100,57,707,871.8815,3.9915000000000003
84,53457,874.7860000000001,3.93,869.837,3.719,100,65,695,872.3115,3.8245
85,53637,875.946,4.562,868.303,3.698,100,54,625,872.1245,4.13
86,54075,-1.0,-1.0,866.195,3.676,100,73,553,432.5975,1.338
87,54833,884.2410000000001,4.062,873.597,3.674,100,764,671,878.9190000000001,3.8680000000000003
88,55172,881.456,4.196000000000001,873.684,3.593,180,736,618,877.5699999999999,3.8945000000000003
89,55371,881.815,3.9819999999999998,874.42,3.611,140,717,615,878.1175000000001,3.7965
90,55690,877.678,3.833,871.034,3.533,120,756,580,874.356,3.683
91,55969,877.3539999999999,3.8289999999999997,874.6089999999999,3.62,140,759,855,875.9814999999999,3.7245
92,56129,871.717,3.7739999999999996,874.789,3.57,120,749,842,873.2529999999999,3.6719999999999997
93,56328,881.318,3.944,872.275,3.6439999999999997,299,734,705,876.7964999999999,3.7939999999999996
94,56787,868.757,3.8819999999999997,871.0219999999999,3.5989999999999998,120,742,752,869.8895,3.7405
95,57464,879.216,3.845,872.3,3.5069999999999997,199,734,756,875.758,3.676
96,57744,873.569,3.8310000000000004,869.3960000000001,3.511,199,739,760,871.4825000000001,3.6710000000000003
97,58023,876.0889999999999,3.8339999999999996,869.557,3.565,140,710,761,872.823,3.6994999999999996
98,58222,879.552,3.875,868.331,3.5010000000000003,379,709,760,873.9415,3.688
99,58641,881.873,4.045,870.5310000000001,3.658,180,761,775,876.202,3.8514999999999997
100,58840,880.814,4.168,867.6060000000001,3.71,299,760,797,874.21,3.939
101,59319,876.335,4.0169999999999995,871.443,3.853,179,736,632,873.889,3.9349999999999996
102,59678,878.3839999999999,4.086,874.2330000000001,3.755,120,695,612,876.3085,3.9205
103,60016,870.846,3.86,865.7410000000001,3.658,100,32,611,868.2935,3.759
104,60714,863.84,3.687,-1.0,-1.0,140,26,646,431.42,1.3435
105,61173,863.413,3.76,865.242,3.5210000000000004,239,94,676,864.3275,3.6405000000000003
106,61572,865.568,3.855,868.2610000000001,3.627,160,110,687,866.9145000000001,3.7409999999999997
107,62110,867.115,3.861,871.4939999999999,3.682,100,770,795,869.3045,3.7715
108,62568,879.2130000000001,3.929,867.61,3.6319999999999997,160,861,772,873.4115,3.7805
109,62748,863.4110000000001,3.92,867.5060000000001,3.645,140,736,762,865.4585000000001,3.7824999999999998
110,63107,868.2760000000001,4.035,860.148,3.702,219,776,792,864.212,3.8685
111,63924,853.515,4.1160000000000005,855.578,3.7569999999999997,120,129,778,854.5464999999999,3.9365
112,64104,850.177,4.003,855.1239999999999,3.79,180,101,801,852.6505,3.8965
113,64363,857.034,3.97,856.8860000000001,3.6919999999999997,140,90,762,856.96,3.831
114,64622,847.9830000000001,3.944,851.498,3.708,100,105,757,849.7405000000001,3.826
115,64801,852.4169999999999,3.912,857.3539999999999,3.688,199,104,747,854.8854999999999,3.8
116,65499,869.293,3.8369999999999997,861.3739999999999,3.647,120,242,233,865.3335,3.742
117,66217,882.2489999999999,3.775,883.299,3.511,100,575,226,882.7739999999999,3.643
118,67094,883.952,3.786,877.7230000000001,3.512,120,453,232,880.8375000000001,3.649
119,67633,870.3480000000001,3.647,872.7760000000001,3.34,139,40,220,871.5620000000001,3.4935
120,68649,878.722,3.611,870.25,3.472,120,287,218,874.486,3.5415
121,69606,879.7669999999999,3.563,869.112,3.272,120,217,230,874.4395,3.4175
122,69766,872.2130000000001,3.7310000000000003,876.176,3.4210000000000003,100,271,216,874.1945000000001,3.5760000000000005
123,70205,866.1239999999999,3.734,870.252,3.56,179,97,760,868.1879999999999,3.6470000000000002
124,71640,872.22,4.13,870.686,3.6689999999999996,100,65,635,871.453,3.8994999999999997
125,72138,873.2860000000001,4.458,863.7710000000001,3.7489999999999997,100,83,638,868.5285000000001,4.1035
126,72537,866.3710000000001,4.197,866.722,3.699,140,58,646,866.5465,3.948
127,72796,867.278,4.107,865.655,3.6710000000000003,139,65,645,866.4665,3.8890000000000002
128,73036,868.556,4.034,861.847,3.702,100,11,599,865.2015,3.868
129,73155,866.2560000000001,4.136,868.2869999999999,3.787,180,19,606,867.2715000000001,3.9615
130,73654,868.07,4.351,865.069,3.826,100,115,638,866.5695000000001,4.0885
131,73933,864.93,4.033,869.086,3.722,140,86,657,867.008,3.8775000000000004
132,74232,872.678,4.256,871.1010000000001,3.772,219,76,666,871.8895,4.014
133,74631,863.8860000000001,4.317,866.564,3.8169999999999997,140,34,671,865.225,4.067
134,76525,886.1189999999999,3.886,867.1560000000001,3.594,179,745,739,876.6375,3.74
135,76884,877.814,3.7760000000000002,867.5060000000001,3.498,120,703,759,872.6600000000001,3.6370000000000005
136,77023,882.558,3.9130000000000003,869.225,3.511,319,698,754,875.8915,3.712
137,77621,880.793,4.051,861.523,3.6839999999999997,120,728,743,871.158,3.8674999999999997
138,77880,882.3710000000001,4.106,869.058,3.7319999999999998,120,751,675,875.7145,3.9189999999999996
139,78219,880.173,4.084,869.316,3.7769999999999997,239,732,726,874.7445,3.9304999999999994
140,78479,882.778,3.927,860.4860000000001,3.472,140,734,731,871.6320000000001,3.6995
141,78957,881.8710000000001,3.87,863.679,3.5260000000000002,199,708,737,872.7750000000001,3.6980000000000004
142,79416,878.158,3.833,873.416,3.5260000000000002,140,773,739,875.787,3.6795
143,79575,878.232,4.023,853.612,3.608,259,773,735,865.922,3.8155
144,79854,857.295,3.782,861.209,3.575,140,764,743,859.252,3.6785
145,80452,861.9839999999999,3.978,871.1560000000001,3.5860000000000003,140,132,740,866.5699999999999,3.782
146,80911,866.797,3.884,868.845,3.6039999999999996,100,110,682,867.821,3.7439999999999998
147,81310,877.988,3.931,861.7139999999999,3.5639999999999996,399,782,755,869.851,3.7474999999999996
148,82685,873.512,4.075,864.436,3.636,120,788,748,868.9739999999999,3.8555
149,83224,868.082,3.889,863.462,3.605,160,785,761,865.7719999999999,3.747
150,83403,-1.0,-1.0,859.8530000000001,3.5469999999999997,179,783,762,429.42650000000003,1.2734999999999999
151,83762,878.405,3.9019999999999997,864.441,3.5669999999999997,140,775,794,871.423,3.7344999999999997
152,84021,875.0060000000001,3.906,858.263,3.53,179,784,797,866.6345000000001,3.718
153,84440,864.8760000000001,3.987,868.48,3.6310000000000002,100,148,714,866.6780000000001,3.809
154,84599,865.882,4.276,865.258,3.528,180,109,711,865.5699999999999,3.902
155,86394,869.36,3.6489999999999996,869.135,3.571,100,81,649,869.2475,3.61
156,86593,870.3889999999999,3.7689999999999997,-1.0,-1.0,100,83,645,434.69449999999995,1.3844999999999998
157,87211,871.5830000000001,3.623,862.118,3.216,120,429,205,866.8505,3.4195
158,88507,878.2330000000001,3.662,871.932,3.404,200,623,236,875.0825,3.533
159,88846,878.289,3.661,873.497,3.427,140,621,221,875.893,3.544
160,90581,874.797,3.761,867.732,3.426,120,221,239,871.2645,3.5935
161,91677,870.105,3.741,867.826,3.536,100,279,248,868.9655,3.6385
162,92395,877.669,3.75,865.26,3.531,160,94,694,871.4645,3.6405000000000003
163,93133,878.4839999999999,3.748,862.018,3.428,120,782,755,870.251,3.588
164,93511,876.055,3.741,867.898,3.7,100,808,721,871.9765,3.7205000000000004
165,93631,878.885,3.923,869.31,3.5869999999999997,219,809,738,874.0975,3.755
166,93870,883.546,3.912,876.7310000000001,3.548,100,755,701,880.1385,3.73
167,94090,887.061,3.889,867.625,3.594,199,749,705,877.3430000000001,3.7415
168,94468,884.048,3.8760000000000003,862.5269999999999,3.5580000000000003,219,753,843,873.2874999999999,3.7170000000000005
169,94827,867.3639999999999,3.8760000000000003,871.83,3.602,159,749,843,869.597,3.739
170,95007,867.743,3.915,872.174,3.681,299,734,861,869.9585,3.798
171,95326,878.913,3.8560000000000003,847.09,3.514,120,736,861,863.0015000000001,3.685
172,95565,869.778,3.742,865.043,3.6,160,62,774,867.4105,3.6710000000000003
173,96382,868.471,4.144,873.183,3.557,160,3,729,870.827,3.8505000000000003
174,97619,862.442,3.944,861.171,3.715,100,63,618,861.8065,3.8295
175,98276,848.582,3.665,846.193,3.491,140,48,602,847.3875,3.5780000000000003
176,99214,855.812,3.657,846.63,3.532,100,80,732,851.221,3.5945
177,99552,858.4960000000001,3.7430000000000003,848.788,3.48,120,88,738,853.642,3.6115000000000004
178,100171,859.591,3.7880000000000003,856.5930000000001,3.594,120,100,754,858.0920000000001,3.691
179,101566,873.177,3.938,865.195,3.5639999999999996,120,56,760,869.186,3.751
180,101945,852.258,3.819,861.105,3.685,140,91,859,856.6815,3.752
181,102105,880.0089999999999,4.17,861.096,3.702,100,90,863,870.5525,3.936
182,103839,-1.0,-1.0,867.091,3.555,140,46,746,433.0455,1.2775
183,104138,867.882,3.9410000000000003,863.076,3.6310000000000002,160,56,755,865.479,3.7860000000000005
184,104457,871.868,3.822,856.22,3.437,120,61,912,864.0440000000001,3.6295
185,105653,876.066,3.7739999999999996,867.7,3.41,100,241,248,871.883,3.5919999999999996
186,105972,873.357,3.6319999999999997,869.24,3.279,160,52,254,871.2985,3.4555
187,107368,883.623,3.7,877.319,3.4930000000000003,120,588,229,880.471,3.5965000000000003
188,107807,879.317,3.778,876.8480000000001,3.517,100,618,255,878.0825,3.6475
189,108066,881.2589999999999,3.842,872.4810000000001,3.478,100,613,248,876.87,3.66
190,109441,867.163,3.801,871.248,3.67,100,739,729,869.2055,3.7355
191,109840,880.3510000000001,3.8110000000000004,872.015,3.4939999999999998,120,422,270,876.183,3.6525
192,110737,878.648,3.637,869.816,3.3739999999999997,100,227,267,874.232,3.5054999999999996
193,111156,873.549,3.5780000000000003,870.44,3.4019999999999997,179,240,280,871.9945,3.49
194,111375,878.893,3.694,872.072,3.389,100,234,279,875.4825000000001,3.5415
195,111814,868.193,3.765,872.153,3.6310000000000002,199,57,276,870.173,3.6980000000000004
196,112631,871.288,3.945,868.12,3.64,100,73,604,869.704,3.7925
197,112851,871.942,3.803,874.0419999999999,3.659,219,75,640,872.992,3.731
198,113230,-1.0,-1.0,873.735,3.8360000000000003,140,43,608,436.3675,1.4180000000000001
199,113449,871.253,4.461,869.6419999999999,3.7910000000000004,100,17,588,870.4475,4.126
200,114884,866.1,3.975,869.0980000000001,3.7510000000000003,140,89,694,867.599,3.8630000000000004
201,115084,865.9119999999999,4.13,872.275,3.858,120,90,678,869.0935,3.9939999999999998
202,115582,871.5980000000001,3.995,867.9989999999999,3.801,140,107,721,869.7985,3.898
203,116220,867.225,3.951,867.447,3.615,100,95,698,867.336,3.7830000000000004
204,116938,866.903,3.884,870.97,3.772,180,751,627,868.9365,3.828
205,117775,865.814,3.605,869.7719999999999,3.448,259,734,721,867.7929999999999,3.5265
206,118673,881.448,3.965,851.895,3.513,120,693,740,866.6714999999999,3.739
207,118852,880.706,3.862,860.549,3.55,120,755,774,870.6275,3.706
208,119171,876.913,3.9019999999999997,881.507,3.675,120,767,783,879.21,3.7885
209,119390,842.065,3.847,847.5889999999999,3.5669999999999997,160,761,827,844.827,3.707
210,120108,878.562,3.8160000000000003,883.06,3.641,140,789,822,880.8109999999999,3.7285000000000004
211,120427,878.703,4.056,883.133,3.738,140,764,793,880.918,3.8970000000000002
212,121185,881.57,3.842,862.882,3.57,140,761,810,872.226,3.706
213,121364,861.1039999999999,3.824,864.92,3.6039999999999996,140,844,809,863.012,3.7139999999999995
214,121623,884.1339999999999,4.012,868.438,3.562,179,777,790,876.286,3.787
215,122241,883.992,3.94,868.5880000000001,3.667,100,749,780,876.29,3.8034999999999997
216,122780,878.824,3.877,858.7280000000001,3.44,120,874,796,868.7760000000001,3.6585
217,122919,860.303,3.8360000000000003,864.008,3.492,100,878,784,862.1555000000001,3.664
218,123218,879.1060000000001,3.888,865.573,3.571,100,777,773,872.3395,3.7295
219,123438,878.762,3.911,864.268,3.469,100,850,798,871.515,3.69
220,123856,878.385,3.9330000000000003,868.0880000000001,3.5669999999999997,199,760,780,873.2365,3.75
221,125013,871.24,3.7119999999999997,869.654,3.47,120,77,766,870.447,3.591
222,125252,869.929,3.855,864.76,3.615,100,773,809,867.3444999999999,3.7350000000000003
223,125411,879.545,3.963,867.677,3.622,180,790,819,873.611,3.7925
224,125631,864.7539999999999,3.9189999999999996,868.663,3.694,319,767,806,866.7085,3.8064999999999998
225,125970,882.403,4.122,865.6339999999999,3.79,139,741,798,874.0184999999999,3.956
226,126229,881.155,4.059,862.329,3.69,160,717,813,871.742,3.8745000000000003
227,126428,881.6669999999999,4.047,867.7719999999999,3.697,100,706,827,874.7194999999999,3.872
228,126927,875.763,3.9189999999999996,857.5169999999999,3.5669999999999997,120,835,833,866.64,3.7429999999999994
229,127106,854.925,3.762,858.612,3.5189999999999997,100,828,848,856.7684999999999,3.6405
230,127325,881.1569999999999,4.047,867.242,3.6310000000000002,160,772,835,874.1995,3.839
231,127624,885.068,3.957,867.3810000000001,3.708,160,793,840,876.2245,3.8325
232,127963,877.534,3.822,863.362,3.5189999999999997,140,752,844,870.448,3.6704999999999997
233,128442,867.954,4.015,863.7489999999999,3.5,100,832,829,865.8515,3.7575
234,128562,879.193,3.83,862.46,3.457,180,825,839,870.8265,3.6435
235,129399,868.942,3.707,864.8739999999999,3.388,199,797,899,866.9079999999999,3.5475
236,129738,873.737,3.7110000000000003,865.8539999999999,3.36,100,809,880,869.7955,3.5355
237,130635,880.702,3.915,861.801,3.4810000000000003,339,736,824,871.2515000000001,3.6980000000000004
238,131014,887.857,3.968,861.63,3.495,120,719,814,874.7435,3.7315
239,131293,881.637,3.786,866.8560000000001,3.425,100,749,797,874.2465,3.6055
240,131432,856.547,3.7239999999999998,860.419,3.47,100,770,780,858.483,3.597
241,131552,881.27,3.772,862.893,3.4189999999999996,140,788,794,872.0815,3.5954999999999995
242,132031,886.289,3.7689999999999997,868.3480000000001,3.5469999999999997,100,840,794,877.3185000000001,3.6579999999999995
243,132390,862.929,3.7230000000000003,866.686,3.3789999999999996,179,734,757,864.8075,3.551
244,132709,859.565,3.734,863.262,3.455,179,782,792,861.4135,3.5945
245,132988,877.75,3.898,869.827,3.483,100,838,793,873.7885,3.6905
246,133187,869.057,3.7430000000000003,868.7860000000001,3.437,199,854,790,868.9215,3.59
247,133586,891.9580000000001,3.9339999999999997,869.627,3.448,140,749,789,880.7925,3.691
248,133805,873.345,3.9360000000000004,861.773,3.3810000000000002,100,756,782,867.559,3.6585
249,134084,888.247,3.73,867.5039999999999,3.4389999999999996,219,874,807,877.8754999999999,3.5845
250,134981,898.808,3.861,867.181,3.4219999999999997,219,780,822,882.9945,3.6414999999999997
251,136038,868.2510000000001,3.569,872.737,3.364,120,89,763,870.494,3.4665
252,137075,853.585,3.655,857.693,3.347,100,764,798,855.639,3.501
253,137314,879.7389999999999,3.736,878.221,3.3569999999999998,140,767,820,878.98,3.5465
254,137613,882.8660000000001,3.7680000000000002,866.316,3.47,199,769,821,874.5910000000001,3.619
255,137972,865.497,3.674,870.066,3.451,179,148,792,867.7815,3.5625
256,138829,871.3810000000001,3.6630000000000003,875.7860000000001,3.3819999999999997,219,94,787,873.5835000000001,3.5225
257,139467,878.204,3.642,865.578,3.31,159,428,248,871.891,3.476
258,140165,883.107,3.653,874.7660000000001,3.24,179,608,248,878.9365,3.4465000000000003
259,141102,881.951,3.6860000000000004,871.415,3.3989999999999996,160,514,219,876.683,3.5425
260,143256,870.217,3.487,870.538,3.4389999999999996,100,50,178,870.3775,3.463
261,144352,878.53,3.7289999999999996,870.084,3.438,100,254,178,874.307,3.5835
262,144850,864.125,3.696,865.868,3.516,219,81,787,864.9965,3.606
263,145349,867.4680000000001,3.759,866.1210000000001,3.5789999999999997,120,106,802,866.7945000000001,3.6689999999999996
264,145548,868.669,3.819,864.618,3.4960000000000004,100,85,776,866.6435,3.6575
265,145668,871.188,4.099,866.1080000000001,3.6719999999999997,100,77,740,868.648,3.8855
266,146146,868.76,3.873,867.709,3.639,100,73,665,868.2345,3.7560000000000002
267,146386,870.197,3.7889999999999997,871.375,3.67,159,30,644,870.7860000000001,3.7295
268,147143,869.408,4.015,870.045,3.763,120,92,616,869.7265,3.889
269,148180,867.3939999999999,3.9589999999999996,870.0319999999999,3.772,100,90,616,868.713,3.8655
270,148439,870.64,3.932,872.4010000000001,3.795,180,92,642,871.5205000000001,3.8635
271,149935,870.15,3.855,871.437,3.69,160,93,670,870.7935,3.7725
272,150333,872.635,3.7689999999999997,867.928,3.5439999999999996,140,98,686,870.2815,3.6564999999999994
273,150832,870.7919999999999,3.687,871.909,3.447,100,104,653,871.3505,3.567
274,150991,870.8560000000001,3.636,870.2610000000001,3.489,100,96,648,870.5585000000001,3.5625
275,151729,869.8839999999999,3.813,866.2260000000001,3.517,100,108,680,868.0550000000001,3.665
276,152666,869.905,3.7939999999999996,869.9019999999999,3.655,100,101,635,869.9034999999999,3.7245
277,152826,870.4069999999999,3.782,864.8539999999999,3.64,120,172,645,867.6305,3.7110000000000003
278,153503,868.941,3.655,872.768,3.594,259,728,727,870.8545,3.6245
279,154022,882.872,3.717,871.1610000000001,3.388,339,689,703,877.0165,3.5525
280,154600,885.205,3.659,866.837,3.468,160,757,735,876.021,3.5635
281,154779,879.32,3.804,864.701,3.464,140,778,728,872.0105000000001,3.634
282,155118,879.548,3.825,866.467,3.514,239,766,749,873.0074999999999,3.6695
283,155477,884.585,3.77,863.294,3.4360000000000004,319,796,752,873.9395,3.603
284,155836,880.877,3.801,870.158,3.438,120,786,767,875.5174999999999,3.6195000000000004
285,156016,879.6560000000001,3.8510000000000004,870.054,3.495,139,790,781,874.855,3.673
286,156235,882.3489999999999,3.886,873.5269999999999,3.5810000000000004,120,803,762,877.9379999999999,3.7335000000000003
287,156474,869.14,3.86,872.928,3.6039999999999996,120,772,779,871.034,3.7319999999999998
288,156614,881.7280000000001,3.926,873.572,3.594,179,826,765,877.6500000000001,3.76
289,156813,882.735,3.952,872.931,3.44,140,817,779,877.8330000000001,3.6959999999999997
290,156972,874.705,3.8360000000000003,873.789,3.5060000000000002,200,777,756,874.2470000000001,3.6710000000000003
291,157870,873.5939999999999,3.642,868.836,3.267,100,258,229,871.2149999999999,3.4545
292,158169,873.11,3.639,867.488,3.2960000000000003,120,254,219,870.299,3.4675000000000002
293,158787,874.56,3.5260000000000002,875.773,3.3560000000000003,139,41,240,875.1665,3.4410000000000003
294,159285,881.5889999999999,3.577,871.944,3.42,120,287,176,876.7665,3.4985
295,160561,881.837,3.908,871.238,3.555,219,775,795,876.5375,3.7315
296,161219,-1.0,-1.0,868.388,3.8,120,757,728,433.694,1.4
297,161718,864.5189999999999,4.06,863.564,3.6839999999999997,140,754,843,864.0414999999999,3.872
298,161897,861.573,4.275,864.812,3.645,179,744,820,863.1925,3.96
299,162096,865.618,4.3,857.3919999999999,3.614,160,749,822,861.505,3.957
300,162396,869.4639999999999,4.317,863.375,3.611,140,693,830,866.4195,3.9640000000000004
301,162595,-1.0,-1.0,865.5260000000001,3.8339999999999996,100,693,834,432.26300000000003,1.4169999999999998
302,163352,876.087,4.046,871.9010000000001,3.7030000000000003,180,729,625,873.994,3.8745000000000003
303,163592,876.319,4.3069999999999995,869.0880000000001,3.713,100,720,668,872.7035000000001,4.01
304,163851,877.176,4.3260000000000005,866.363,3.6239999999999997,140,747,573,871.7695000000001,3.975
305,164309,875.444,3.978,870.8889999999999,3.654,339,768,733,873.1664999999999,3.816
306,165067,878.128,3.9139999999999997,870.2130000000001,3.59,120,757,805,874.1705000000001,3.752
307,165207,884.1489999999999,3.966,869.1389999999999,3.551,120,748,806,876.6439999999999,3.7585
308,165885,875.205,4.178999999999999,868.328,3.6489999999999996,180,721,796,871.7665,3.9139999999999997
309,167200,865.2260000000001,3.969,869.914,3.6189999999999998,120,834,753,867.57,3.7939999999999996
310,167499,869.47,4.27,849.8919999999999,3.764,120,784,742,859.681,4.0169999999999995
311,167679,855.923,4.129,867.222,3.688,140,780,727,861.5725,3.9085
312,170470,869.1619999999999,3.819,864.9810000000001,3.593,100,109,670,867.0715,3.706
313,171068,881.698,3.992,871.574,3.759,159,745,729,876.636,3.8754999999999997
314,171268,875.33,3.995,867.26,3.733,259,735,718,871.2950000000001,3.864
315,171587,875.36,4.013999999999999,864.584,3.687,219,781,746,869.972,3.8504999999999994
316,172085,860.71,3.945,862.927,3.736,120,779,767,861.8185000000001,3.8405
317,172843,871.181,3.978,865.4760000000001,3.553,100,445,228,868.3285000000001,3.7655000000000003
318,172962,875.6460000000001,4.0169999999999995,868.7339999999999,3.612,140,433,167,872.19,3.8145
319,175056,878.5239999999999,3.728,872.003,3.3689999999999998,100,495,186,875.2635,3.5484999999999998
320,175873,869.548,3.738,870.82,3.405,120,49,191,870.184,3.5715
321,176810,879.165,3.855,870.862,3.5660000000000003,100,94,189,875.0135,3.7105
322,177030,872.946,3.806,872.41,3.463,160,36,203,872.678,3.6345
323,177608,880.742,3.8789999999999996,873.302,3.6,120,320,225,877.0219999999999,3.7394999999999996
324,178066,872.4960000000001,3.802,876.68,3.588,120,92,710,874.588,3.6950000000000003
325,178226,878.382,3.895,874.5139999999999,3.536,179,113,709,876.4479999999999,3.7155
326,178924,866.581,3.832,862.7639999999999,3.535,120,110,753,864.6724999999999,3.6835
327,179123,877.21,3.967,853.245,3.514,120,121,792,865.2275,3.7405
328,179960,873.284,4.09,877.7289999999999,3.826,140,811,791,875.5065,3.958
329,180120,873.2080000000001,4.055,856.2260000000001,3.717,100,742,792,864.7170000000001,3.886
330,181117,879.698,4.007,871.245,3.824,179,299,234,875.4715,3.9154999999999998
331,182014,-1.0,-1.0,869.291,3.6319999999999997,259,735,803,434.1455,1.3159999999999998
332,182313,864.7860000000001,3.963,867.492,3.7260000000000004,199,745,811,866.139,3.8445
333,182911,872.7689999999999,4.1610000000000005,860.303,3.66,100,729,804,866.536,3.9105000000000003
334,183370,873.047,4.0280000000000005,871.951,3.758,100,685,796,872.499,3.8930000000000002
335,183808,873.2460000000001,3.9960000000000004,865.452,3.765,100,723,703,869.349,3.8805000000000005
336,183928,875.127,4.021,862.7669999999999,3.763,120,757,741,868.9469999999999,3.892
337,184127,869.665,4.288,870.7130000000001,3.73,140,767,749,870.1890000000001,4.009
338,184287,869.1510000000001,4.01,870.11,3.653,179,776,721,869.6305,3.8315
339,184526,867.625,4.026,866.2719999999999,3.57,120,723,738,866.9485,3.798
340,185124,870.048,3.97,869.0189999999999,3.627,219,795,758,869.5335,3.7984999999999998
341,185403,873.0830000000001,4.001,861.8510000000001,3.64,140,820,795,867.4670000000001,3.8205
342,185603,873.895,4.001,863.8589999999999,3.697,160,788,797,868.877,3.849
343,186021,882.0880000000001,4.104,870.946,3.694,140,778,725,876.517,3.899
344,186360,876.477,3.926,857.937,3.536,120,798,776,867.207,3.731
345,187517,871.02,4.1419999999999995,866.185,3.575,120,797,798,868.6025,3.8585
346,188294,864.9,4.315,853.1610000000001,3.533,140,790,813,859.0305000000001,3.9240000000000004
347,188494,865.7869999999999,4.313,841.8430000000001,3.497,100,801,821,853.815,3.905
348,188972,864.192,3.8760000000000003,852.118,3.552,100,760,720,858.155,3.7140000000000004
349,189112,870.052,4.143,862.7539999999999,3.555,120,756,717,866.403,3.849
350,189251,869.175,4.236000000000001,856.89,3.6260000000000003,100,769,729,863.0325,3.9310000000000005
351,189391,863.013,3.822,868.8739999999999,3.6039999999999996,140,781,750,865.9435,3.713
352,189989,865.425,3.759,861.8539999999999,3.477,140,82,706,863.6395,3.618
353,190368,870.523,3.748,857.548,3.58,259,100,720,864.0355,3.664
354,190966,859.302,3.667,858.758,3.515,459,109,749,859.03,3.591
355,191504,864.153,3.786,859.073,3.653,219,94,721,861.613,3.7195
356,192441,876.158,3.785,868.163,3.665,120,785,823,872.1605,3.725
357,192800,865.299,3.812,867.8530000000001,3.52,120,781,748,866.576,3.666
358,192999,872.175,3.766,859.497,3.622,120,784,785,865.836,3.694
359,193598,860.3960000000001,3.688,864.429,3.513,120,813,730,862.4125,3.6005000000000003
360,194375,867.074,3.696,856.9889999999999,3.608,100,737,703,862.0314999999999,3.652
361,194595,867.395,4.199,866.8760000000001,3.5210000000000004,120,748,710,867.1355000000001,3.8600000000000003
362,194993,866.951,3.7230000000000003,863.799,3.4339999999999997,140,794,814,865.375,3.5785
363,195552,868.2330000000001,3.665,859.6560000000001,3.4130000000000003,259,856,837,863.9445000000001,3.539
364,196748,870.91,3.522,870.31,3.299,140,120,683,870.6099999999999,3.4105
365,197346,868.706,3.903,862.653,3.7510000000000003,100,110,777,865.6795,3.827
366,197884,854.7389999999999,3.931,865.4639999999999,3.622,159,130,710,860.1015,3.7765
367,198084,857.26,3.8480000000000003,861.115,3.614,219,107,712,859.1875,3.731
368,199459,866.98,3.927,863.1560000000001,3.697,199,138,638,865.068,3.8120000000000003
369,201433,867.98,3.824,865.085,3.7310000000000003,199,139,693,866.5325,3.7775
370,202350,869.707,3.804,864.336,3.603,140,221,657,867.0215000000001,3.7035
371,203008,870.845,3.673,865.65,3.5039999999999996,100,93,769,868.2475,3.5885
372,204045,884.3330000000001,4.133,863.966,3.728,100,779,833,874.1495,3.9305000000000003
373,204264,873.125,4.029,862.11,3.68,180,778,918,867.6175000000001,3.8545
374,204464,872.937,4.084,851.193,3.7110000000000003,120,834,936,862.065,3.8975
375,204703,874.711,4.155,870.7389999999999,3.8289999999999997,180,857,833,872.7249999999999,3.992
376,204902,876.717,4.15,868.92,3.898,219,797,830,872.8185,4.024
377,205161,878.4689999999999,4.172,878.6619999999999,3.858,120,773,787,878.5654999999999,4.015
378,205301,875.2130000000001,4.158,884.202,3.92,100,780,792,879.7075,4.039
379,205600,883.3939999999999,4.162,870.0089999999999,3.864,279,766,786,876.7014999999999,4.013
380,206437,878.84,3.985,860.278,3.68,140,792,790,869.559,3.8325
381,206597,877.694,4.004,868.262,3.627,100,779,769,872.978,3.8154999999999997
382,207095,861.057,3.799,867.627,3.65,139,117,762,864.342,3.7245
383,207295,864.915,3.946,866.946,3.699,180,156,750,865.9304999999999,3.8225
384,208132,860.294,4.015,857.1039999999999,3.5589999999999997,100,841,829,858.699,3.787
385,208312,867.299,4.141,855.345,3.5239999999999996,100,839,851,861.322,3.8324999999999996
386,208710,867.4960000000001,4.121,850.815,3.5460000000000003,159,779,755,859.1555000000001,3.8335000000000004
387,209009,873.299,4.069,859.0939999999999,3.568,120,795,771,866.1965,3.8185000000000002
388,209189,873.295,4.031000000000001,861.628,3.662,120,834,802,867.4615,3.8465000000000003
389,209348,873.68,3.95,859.8439999999999,3.569,100,814,770,866.762,3.7595
390,210305,866.416,4.1739999999999995,852.1610000000001,3.543,139,789,853,859.2885000000001,3.8585
391,211282,874.076,4.178,860.025,3.696,100,781,786,867.0505,3.9370000000000003
392,212857,861.025,3.675,865.408,3.4960000000000004,120,42,234,863.2165,3.5855
393,213914,880.168,3.5210000000000004,866.7860000000001,3.264,120,356,183,873.4770000000001,3.3925
394,214612,880.58,3.525,867.794,3.3310000000000004,120,272,167,874.187,3.428
395,215170,881.3610000000001,3.64,873.43,3.3939999999999997,100,611,171,877.3955000000001,3.517
396,216326,866.304,3.781,863.422,3.5410000000000004,100,112,702,864.863,3.6610000000000005
397,217104,866.497,3.924,868.331,3.701,140,126,778,867.414,3.8125
398,219616,878.913,4.09,884.155,3.767,159,611,146,881.534,3.9284999999999997
399,220673,878.684,3.803,872.3,3.523,120,210,200,875.492,3.6630000000000003
400,220912,879.6139999999999,3.9210000000000003,873.428,3.562,120,410,215,876.521,3.7415000000000003
401,221151,874.635,4.001,871.8530000000001,3.6510000000000002,100,224,206,873.244,3.8260000000000005
402,221769,876.8480000000001,3.8489999999999998,870.6160000000001,3.575,120,243,208,873.7320000000001,3.7119999999999997
403,222447,867.952,3.784,869.893,3.511,100,55,228,868.9225,3.6475
404,222607,877.5360000000001,3.8989999999999996,867.485,3.633,100,249,216,872.5105000000001,3.766
405,223265,883.5930000000001,3.883,873.9780000000001,3.583,140,244,196,878.7855000000001,3.733
406,224162,873.812,3.958,877.933,3.687,179,127,722,875.8725,3.8225
407,225218,859.802,4.218,857.1669999999999,3.782,140,77,819,858.4845,4.0
408,226275,872.2660000000001,4.113,860.311,3.7960000000000003,159,722,658,866.2885000000001,3.9545000000000003
409,226774,878.1560000000001,4.137,869.08,3.845,179,685,708,873.618,3.9909999999999997
410,227312,879.168,4.146,868.9739999999999,3.728,219,743,760,874.0709999999999,3.9370000000000003
411,228090,881.8610000000001,4.122,871.755,3.8289999999999997,139,737,763,876.808,3.9755
412,228449,876.2,4.013999999999999,869.3389999999999,3.7,100,737,571,872.7695,3.8569999999999998
413,228568,876.433,4.084,866.3839999999999,3.762,259,738,579,871.4085,3.923
414,229106,878.5169999999999,3.897,870.065,3.719,120,711,709,874.2909999999999,3.808
415,229665,878.63,3.8960000000000004,873.393,3.557,100,734,584,876.0115000000001,3.7265
416,230103,879.7339999999999,3.795,870.8380000000001,3.391,179,673,566,875.2860000000001,3.593
417,230981,882.041,3.852,872.8539999999999,3.335,120,742,571,877.4475,3.5934999999999997
418,231658,870.363,3.678,873.95,3.363,140,752,658,872.1565,3.5205
419,232276,869.783,3.7439999999999998,873.3810000000001,3.293,100,760,641,871.5820000000001,3.5185
420,234031,869.566,3.658,871.933,3.39,120,76,816,870.7495,3.524
421,234310,870.738,3.6889999999999996,871.546,3.488,120,60,797,871.142,3.5885
422,235048,869.573,3.8110000000000004,873.2719999999999,3.5589999999999997,140,93,844,871.4224999999999,3.685
423,235785,866.707,3.975,871.3860000000001,3.6210000000000004,100,479,773,869.0465,3.798
424,237360,872.275,4.194,863.7589999999999,3.432,279,437,887,868.0169999999999,3.8129999999999997
425,237659,872.174,3.943,856.1469999999999,3.467,120,435,892,864.1605,3.705
426,237859,862.304,3.928,868.1239999999999,3.412,180,409,888,865.2139999999999,3.67
427,238816,878.9580000000001,4.171,885.055,3.636,140,457,911,882.0065,3.9035
428,239055,880.5269999999999,4.092,886.65,3.698,120,465,918,883.5885,3.8949999999999996
429,239753,880.4839999999999,4.539,864.1360000000001,3.812,100,457,896,872.31,4.1754999999999995
430,241049,880.068,3.8510000000000004,871.498,3.6210000000000004,100,747,669,875.783,3.7360000000000007
431,241288,869.813,3.925,873.8739999999999,3.594,100,472,813,871.8435,3.7595
432,241767,876.7330000000001,4.103,869.1210000000001,3.529,100,429,748,872.9270000000001,3.816
433,242405,850.5939999999999,3.9360000000000004,855.965,3.4189999999999996,120,436,947,853.2795,3.6775
434,244159,880.8860000000001,3.98,855.9960000000001,3.343,100,725,645,868.441,3.6615
435,244478,883.237,3.8369999999999997,862.163,3.406,159,1101,723,872.7,3.6215
436,244997,875.539,3.71,867.2410000000001,3.307,139,1101,918,871.3900000000001,3.5084999999999997
437,245196,874.0269999999999,3.787,861.99,3.411,160,1082,948,868.0084999999999,3.599
438,245375,870.704,3.74,867.9889999999999,3.48,140,1096,950,869.3464999999999,3.6100000000000003
439,245555,874.466,3.8160000000000003,866.1039999999999,3.49,120,1114,931,870.285,3.6530000000000005
440,245754,871.414,3.735,864.6039999999999,3.565,199,1118,928,868.009,3.65
441,246671,870.6439999999999,3.924,869.363,3.5989999999999998,100,427,912,870.0035,3.7615
442,247568,872.82,3.739,864.534,3.4019999999999997,160,239,239,868.677,3.5705
443,248087,877.873,3.6189999999999998,863.503,3.3160000000000003,120,81,207,870.6880000000001,3.4675000000000002
444,248745,879.9630000000001,3.647,873.4069999999999,3.265,159,543,169,876.685,3.456
445,249423,883.576,3.785,875.5189999999999,3.4730000000000003,100,626,209,879.5474999999999,3.6290000000000004
446,249542,881.3430000000001,3.758,876.627,3.3989999999999996,120,614,209,878.985,3.5785
447,249682,878.145,3.722,876.462,3.332,100,620,215,877.3035,3.527
448,251436,868.314,3.641,870.687,3.488,160,35,193,869.5005,3.5645
449,252214,872.1560000000001,3.806,872.927,3.427,140,232,222,872.5415,3.6165000000000003
450,252373,877.331,3.6919999999999997,868.915,3.38,199,234,231,873.123,3.5359999999999996
451,253370,875.562,3.653,873.252,3.323,120,206,210,874.4069999999999,3.488
452,253908,879.257,3.6919999999999997,870.966,3.345,140,247,242,875.1115,3.5185
453,255763,872.789,3.7880000000000003,872.789,3.535,180,118,745,872.789,3.6615
454,256441,874.2639999999999,3.68,871.2810000000001,3.4819999999999998,100,60,640,872.7725,3.581
455,256760,874.305,3.799,878.477,3.5210000000000004,160,52,646,876.391,3.66
456,256959,868.04,3.67,877.4730000000001,3.5210000000000004,120,53,663,872.7565,3.5955000000000004
457,257218,872.949,3.9189999999999996,879.904,3.5810000000000004,100,63,681,876.4265,3.75
458,259511,875.047,3.992,879.372,3.7960000000000003,100,89,598,877.2094999999999,3.894
459,260627,875.945,3.793,869.691,3.468,120,220,246,872.818,3.6305
460,261226,888.518,3.93,894.827,3.64,100,724,551,891.6725,3.785
461,262023,883.313,3.8289999999999997,872.559,3.4410000000000003,199,738,612,877.9359999999999,3.635
462,262282,884.882,3.95,874.453,3.489,179,746,617,879.6675,3.7195
463,262601,884.75,3.7260000000000004,873.1510000000001,3.43,160,724,550,878.9505,3.5780000000000003
464,262980,881.555,4.005,875.605,3.458,100,731,560,878.5799999999999,3.7315
465,263100,886.485,3.841,873.0,3.405,100,686,537,879.7425000000001,3.623
466,263299,886.265,3.727,873.373,3.395,100,703,550,879.819,3.561
467,264077,881.07,3.924,873.048,3.5639999999999996,100,773,612,877.059,3.7439999999999998
468,264296,868.898,3.88,868.745,3.47,100,742,652,868.8215,3.675
469,265074,879.457,3.752,871.238,3.468,100,728,628,875.3475000000001,3.61
470,265632,874.05,3.7439999999999998,878.426,3.465,219,769,652,876.238,3.6045
471,266728,870.084,3.589,867.8610000000001,3.487,140,68,568,868.9725000000001,3.5380000000000003
472,267506,878.617,3.715,868.508,3.446,140,836,653,873.5625,3.5805
473,267666,880.5210000000001,3.778,868.88,3.471,199,865,669,874.7005,3.6245000000000003
474,268323,878.605,3.737,868.347,3.5189999999999997,120,776,666,873.476,3.628
475,268882,871.2589999999999,3.708,868.3560000000001,3.365,179,787,668,869.8075,3.5365
476,269221,866.451,3.735,867.08,3.426,239,812,689,866.7655,3.5805
477,269599,864.735,3.745,855.498,3.425,160,788,696,860.1165000000001,3.585
478,269779,859.155,3.765,856.632,3.531,179,820,715,857.8934999999999,3.648
479,270417,856.659,3.5780000000000003,851.8919999999999,3.261,120,797,709,854.2755,3.4195
480,271055,852.74,3.6860000000000004,844.513,3.55,119,789,748,848.6265000000001,3.6180000000000003
481,271374,851.0319999999999,3.7739999999999996,846.546,3.53,100,829,731,848.789,3.6519999999999997
482,271753,849.638,3.7969999999999997,850.9789999999999,3.423,219,830,759,850.3085,3.61
483,272151,866.64,3.784,852.7289999999999,3.408,100,802,768,859.6845,3.596
484,272789,873.7560000000001,3.7439999999999998,859.932,3.5039999999999996,100,788,751,866.844,3.6239999999999997
485,272949,867.572,3.8339999999999996,862.018,3.34,120,807,758,864.7950000000001,3.5869999999999997
486,273168,875.15,3.753,867.243,3.571,199,775,752,871.1965,3.662
487,273447,873.9110000000001,3.736,854.565,3.3960000000000004,120,855,748,864.238,3.5660000000000003
488,273806,866.975,3.5780000000000003,860.539,3.4789999999999996,120,744,759,863.7570000000001,3.5285
489,274305,870.189,3.605,862.137,3.3169999999999997,120,804,771,866.163,3.461
490,274444,868.6439999999999,3.6069999999999998,870.225,3.344,100,805,754,869.4345,3.4755
491,274604,857.862,3.5039999999999996,859.549,3.362,159,813,760,858.7055,3.433
492,275162,864.081,3.5580000000000003,854.8960000000001,3.221,100,783,778,859.4885,3.3895
493,275401,867.21,3.525,863.885,3.279,219,824,769,865.5475,3.402
494,275680,870.1460000000001,3.5860000000000003,863.368,3.325,179,805,765,866.7570000000001,3.4555000000000002
495,276837,868.273,3.4530000000000003,860.6360000000001,3.2310000000000003,120,85,596,864.4545,3.3420000000000005
496,277076,868.3330000000001,3.3939999999999997,861.433,3.187,100,56,522,864.883,3.2904999999999998
497,277235,865.1060000000001,3.4619999999999997,865.4730000000001,3.1239999999999997,100,74,563,865.2895000000001,3.2929999999999997
498,279130,865.959,3.745,861.904,3.4589999999999996,100,231,227,863.9314999999999,3.602
499,279269,864.383,3.697,860.112,3.424,140,37,204,862.2475,3.5605
500,279528,864.654,3.7039999999999997,-1.0,-1.0,120,249,230,431.827,1.3519999999999999
501,279847,874.699,3.7039999999999997,863.564,3.38,100,563,220,869.1315,3.542
502,280027,871.221,3.787,865.993,3.389,140,658,215,868.607,3.588
503,280944,872.0360000000001,3.636,872.2669999999999,3.3480000000000003,100,625,234,872.1514999999999,3.492
504,282220,874.785,3.863,868.318,3.536,100,609,194,871.5515,3.6995
505,283137,876.867,4.105,866.498,3.609,140,508,291,871.6825,3.857
506,283635,867.2230000000001,3.9010000000000002,862.9580000000001,3.623,140,244,271,865.0905,3.7620000000000005
507,284951,880.0989999999999,4.0,865.143,3.603,180,402,246,872.621,3.8015
508,286088,878.168,3.668,866.815,3.4930000000000003,139,267,254,872.4915000000001,3.5805000000000002
509,286945,878.07,3.8089999999999997,869.033,3.608,219,321,257,873.5515,3.7085
510,287483,880.816,3.759,869.212,3.471,120,314,260,875.014,3.615
511,288480,880.735,3.89,873.7639999999999,3.5639999999999996,219,354,244,877.2494999999999,3.727
512,304789,870.82,3.798,864.294,3.313,100,56,681,867.557,3.5555000000000003
513,305387,855.628,3.52,864.827,3.3289999999999997,100,94,731,860.2275,3.4245
514,305925,865.552,3.763,869.675,3.582,160,77,797,867.6134999999999,3.6725
515,306105,875.743,3.912,865.867,3.6010000000000004,100,122,812,870.8050000000001,3.7565
516,307401,855.9069999999999,4.183,865.914,3.688,259,106,828,860.9105,3.9355
517,307700,866.6560000000001,4.09,866.184,3.623,100,113,821,866.4200000000001,3.8565
518,308079,868.953,3.853,870.0880000000001,3.568,100,131,841,869.5205000000001,3.7105
519,309714,863.872,3.923,865.9889999999999,3.635,100,33,254,864.9304999999999,3.779
520,310631,876.4889999999999,3.662,869.403,3.2319999999999998,140,258,207,872.9459999999999,3.447
521,311309,873.803,3.718,871.0260000000001,3.515,140,810,868,872.4145000000001,3.6165000000000003
522,311528,871.797,3.698,875.698,3.35,120,775,864,873.7475,3.524
523,311667,875.794,3.661,872.177,3.492,180,762,898,873.9855,3.5765000000000002
524,312026,881.206,3.866,870.387,3.4739999999999998,180,774,715,875.7964999999999,3.67
525,312365,868.7560000000001,3.7289999999999996,872.3739999999999,3.4819999999999998,199,818,699,870.565,3.6054999999999997
526,312684,869.2539999999999,3.77,872.745,3.387,120,814,689,870.9994999999999,3.5785
527,313163,875.8889999999999,3.807,879.8589999999999,3.595,100,775,700,877.8739999999999,3.701
528,313382,864.322,3.781,867.988,3.411,179,823,716,866.155,3.596
529,314239,863.495,3.948,868.557,3.549,160,784,757,866.0260000000001,3.7485
530,314518,865.28,3.752,868.6080000000001,3.557,120,800,758,866.944,3.6544999999999996
531,315077,864.304,3.719,867.961,3.516,140,805,784,866.1324999999999,3.6174999999999997
532,315795,884.444,4.013,873.875,3.5469999999999997,120,786,773,879.1595,3.78
533,316831,880.553,3.885,870.692,3.498,120,851,684,875.6225,3.6915
534,317310,-1.0,-1.0,863.1519999999999,3.6319999999999997,100,819,846,431.07599999999996,1.3159999999999998
535,317469,879.91,3.826,867.52,3.463,419,804,825,873.7149999999999,3.6445
536,318606,872.27,4.039,866.1489999999999,3.492,120,104,821,869.2094999999999,3.7655
537,318945,871.311,3.782,879.928,3.603,180,122,859,875.6195,3.6925
538,319722,874.252,3.8289999999999997,875.044,3.565,120,115,829,874.6479999999999,3.697
539,319961,869.7610000000001,3.864,865.278,3.553,120,132,826,867.5195000000001,3.7085
540,320998,866.862,4.131,867.283,3.6439999999999997,100,107,815,867.0725,3.8875
541,321497,847.09,3.775,851.304,3.534,199,800,807,849.197,3.6544999999999996
542,321816,875.2139999999999,3.846,862.2280000000001,3.4760000000000004,160,814,806,868.721,3.6610000000000005
543,321995,880.9169999999999,3.8930000000000002,880.444,3.415,120,850,800,880.6804999999999,3.654
544,322194,878.815,3.873,850.618,3.4139999999999997,279,800,822,864.7165,3.6435
545,322493,881.623,4.044,853.087,3.553,100,825,827,867.355,3.7984999999999998
546,322812,878.581,3.8360000000000003,855.08,3.4560000000000004,219,793,829,866.8305,3.6460000000000004
547,323351,881.584,3.966,868.4680000000001,3.662,140,744,753,875.0260000000001,3.814
548,323690,878.069,3.8160000000000003,869.3910000000001,3.502,239,782,746,873.73,3.659
549,323949,881.8580000000001,3.8789999999999996,868.061,3.555,140,760,753,874.9595,3.7169999999999996
550,325006,868.4019999999999,3.697,872.3639999999999,3.582,319,770,765,870.3829999999999,3.6395
551,325384,866.6310000000001,3.682,872.3639999999999,3.4539999999999997,120,749,795,869.4975,3.5679999999999996
552,325723,867.788,3.662,871.5189999999999,3.384,140,804,793,869.6534999999999,3.5229999999999997
553,325943,874.7510000000001,4.0680000000000005,871.363,3.383,319,802,803,873.057,3.7255000000000003
554,326401,879.337,3.795,865.4789999999999,3.37,159,850,814,872.4079999999999,3.5825
555,327239,872.2080000000001,3.605,873.773,3.383,120,852,677,872.9905000000001,3.4939999999999998
556,328116,866.6389999999999,3.553,872.076,3.195,100,778,697,869.3575,3.3739999999999997
557,329731,866.972,3.514,872.612,3.2689999999999997,120,741,637,869.7919999999999,3.3914999999999997
558,329910,880.707,3.595,884.813,3.197,139,740,645,882.76,3.396
559,330070,878.544,3.47,873.365,3.248,140,732,614,875.9545,3.359
560,330249,880.091,3.48,874.5160000000001,3.218,100,747,461,877.3035,3.349
561,330967,882.8689999999999,3.377,871.6339999999999,3.0669999999999997,100,714,465,877.2514999999999,3.2219999999999995
562,332223,869.1189999999999,3.303,872.975,3.0789999999999997,119,703,516,871.047,3.191
563,332582,881.382,3.52,873.385,3.0660000000000003,180,714,463,877.3834999999999,3.293
564,334635,872.834,3.8080000000000003,876.033,3.338,120,138,816,874.4335,3.5730000000000004
565,336131,-1.0,-1.0,873.425,3.489,100,105,817,436.2125,1.2445
566,337746,880.725,4.002,860.6419999999999,3.418,160,134,859,870.6835,3.71
567,342092,882.467,3.822,871.538,3.438,120,616,236,877.0025,3.63
568,342391,880.9839999999999,3.93,867.047,3.52,140,357,249,874.0155,3.725
569,343268,868.502,3.695,868.051,3.3280000000000003,100,246,247,868.2764999999999,3.5115
570,344066,872.638,3.617,870.6560000000001,3.373,120,258,248,871.647,3.495
571,344365,877.414,3.6889999999999996,870.171,3.2489999999999997,140,212,252,873.7925,3.4689999999999994
572,344764,871.1489999999999,3.719,872.326,3.388,140,71,270,871.7375,3.5534999999999997
573,345382,868.937,3.813,872.7589999999999,3.367,199,253,276,870.848,3.59
574,345860,861.665,3.707,872.3960000000001,3.448,120,140,822,867.0305000000001,3.5774999999999997
575,347555,869.465,4.215,862.8389999999999,3.5189999999999997,100,101,770,866.152,3.867
576,347714,871.06,4.015,871.076,3.6489999999999996,120,107,795,871.068,3.832
577,347894,870.24,4.2010000000000005,863.7919999999999,3.645,100,107,774,867.016,3.923
578,348293,880.7289999999999,4.01,861.433,3.615,140,798,788,871.0809999999999,3.8125
579,348552,844.7239999999999,3.9189999999999996,850.135,3.5210000000000004,179,776,780,847.4295,3.7199999999999998
580,349589,878.975,4.18,869.4780000000001,3.569,139,779,751,874.2265,3.8745
581,349748,879.681,3.841,869.423,3.4560000000000004,100,800,717,874.552,3.6485000000000003
582,349967,858.0210000000001,3.7969999999999997,863.493,3.533,100,786,694,860.7570000000001,3.665
583,350466,886.4760000000001,4.169,869.512,3.41,159,230,280,877.994,3.7895
584,351403,872.043,3.6689999999999996,864.2310000000001,3.387,239,772,855,868.1370000000001,3.5279999999999996
585,351682,875.72,3.7289999999999996,870.6139999999999,3.455,160,769,868,873.1669999999999,3.5919999999999996
586,352360,884.909,3.895,857.573,3.472,120,719,857,871.241,3.6835
587,352659,876.238,3.841,869.6669999999999,3.6069999999999998,159,787,871,872.9525,3.724
588,353875,874.183,3.813,871.551,3.534,140,795,882,872.867,3.6734999999999998
589,354094,-1.0,-1.0,871.818,3.617,120,792,885,435.409,1.3085
590,354334,866.432,4.039,870.096,3.658,120,785,893,868.264,3.8484999999999996
591,356347,879.7869999999999,3.8160000000000003,860.825,3.36,100,306,277,870.306,3.588
592,357623,874.595,3.627,872.679,3.4619999999999997,179,86,770,873.637,3.5444999999999998
593,358780,871.467,3.725,863.43,3.5260000000000002,179,723,847,867.4485,3.6255
594,359019,873.278,3.845,873.296,3.435,100,756,904,873.287,3.64
595,359318,865.085,3.929,862.8489999999999,3.408,279,761,800,863.967,3.6685
596,359956,877.959,3.888,870.252,3.522,100,779,739,874.1054999999999,3.705
597,360315,885.914,3.918,861.4810000000001,3.367,179,732,736,873.6975,3.6425
598,360514,880.539,4.051,860.855,3.495,180,730,736,870.697,3.773
599,360813,875.893,3.864,859.48,3.406,120,808,760,867.6865,3.635
600,361970,872.716,4.331,870.345,3.574,120,793,714,871.5305000000001,3.9525
601,362209,874.1510000000001,4.208,870.659,3.647,100,781,705,872.405,3.9275
602,363226,870.034,3.7880000000000003,876.5189999999999,3.525,120,816,741,873.2764999999999,3.6565000000000003
603,363365,879.817,3.7710000000000004,873.0160000000001,3.4739999999999998,279,786,746,876.4165,3.6225
604,363744,872.762,3.717,866.563,3.582,100,769,693,869.6624999999999,3.6494999999999997
605,364103,878.596,3.9539999999999997,872.684,3.513,120,797,691,875.64,3.7335
606,364263,876.721,3.728,868.0139999999999,3.375,140,801,702,872.3675,3.5515
607,364522,876.707,3.7569999999999997,869.966,3.5260000000000002,120,786,766,873.3365,3.6414999999999997
608,365419,877.796,3.9930000000000003,870.8910000000001,3.452,100,861,763,874.3435000000001,3.7225
609,366336,870.087,3.7060000000000004,864.855,3.364,100,97,787,867.471,3.535
610,367034,874.192,3.875,868.862,3.5060000000000002,120,776,758,871.527,3.6905
611,367293,870.243,3.8339999999999996,869.6339999999999,3.458,179,808,741,869.9385,3.646
612,367492,875.2669999999999,3.843,879.284,3.589,180,807,757,877.2755,3.716
613,369048,875.015,3.805,862.88,3.287,100,447,228,868.9475,3.5460000000000003
614,369287,875.405,3.7910000000000004,864.916,3.2489999999999997,100,211,250,870.1605,3.52
615,369726,872.9910000000001,3.76,869.5089999999999,3.458,139,578,253,871.25,3.609
616,370683,880.5089999999999,3.738,873.4,3.466,100,623,250,876.9544999999999,3.6020000000000003
617,371799,882.927,3.813,873.9839999999999,3.446,140,433,269,878.4555,3.6295
618,372238,883.794,3.665,871.052,3.353,120,427,262,877.423,3.5090000000000003
619,372377,879.084,3.734,871.796,3.3960000000000004,100,432,215,875.44,3.5650000000000004
620,374072,875.21,3.6489999999999996,870.4730000000001,3.449,100,246,233,872.8415,3.5489999999999995
621,375368,873.573,3.841,870.317,3.3960000000000004,100,41,182,871.9449999999999,3.6185
622,376385,871.92,3.7689999999999997,876.403,3.5180000000000002,120,84,642,874.1614999999999,3.6435
623,378398,864.659,4.053999999999999,863.3789999999999,3.862,120,101,708,864.019,3.9579999999999997
624,378677,868.2280000000001,4.556,872.5989999999999,3.9339999999999997,120,90,715,870.4135,4.245
625,379216,873.4,4.2410000000000005,877.693,3.785,120,771,677,875.5464999999999,4.013
626,379415,884.5160000000001,4.23,875.534,3.714,100,752,671,880.0250000000001,3.9720000000000004
627,379555,882.197,4.11,876.846,3.7960000000000003,100,724,624,879.5215000000001,3.9530000000000003
628,379834,881.452,4.085,878.03,3.682,120,701,636,879.741,3.8834999999999997
629,381409,884.868,4.154,875.5210000000001,3.719,180,829,655,880.1945000000001,3.9364999999999997
630,381608,883.2860000000001,4.11,878.317,3.758,319,757,678,880.8015,3.934
631,382107,883.257,4.104,887.4789999999999,3.6289999999999996,100,834,661,885.3679999999999,3.8665
632,382246,886.8560000000001,4.0760000000000005,892.8710000000001,3.7910000000000004,120,750,646,889.8635000000002,3.9335000000000004
633,382505,887.692,4.113,891.926,3.702,339,770,644,889.809,3.9075
634,382864,891.5239999999999,3.991,876.9939999999999,3.5610000000000004,199,767,622,884.2589999999999,3.7760000000000002
635,383084,890.697,4.039,878.367,3.4939999999999998,100,762,616,884.5319999999999,3.7664999999999997
636,383303,883.748,3.943,889.52,3.6210000000000004,100,755,612,886.634,3.782
637,393431,877.075,3.727,-1.0,-1.0,100,82,715,438.0375,1.3635
638,400509,867.541,3.438,871.8589999999999,3.234,100,74,666,869.7,3.3360000000000003
639,402981,879.025,3.84,873.633,3.4010000000000002,159,765,604,876.329,3.6205
640,403380,868.949,3.6630000000000003,874.622,3.451,160,767,646,871.7855,3.5570000000000004
641,403779,881.773,3.7760000000000002,870.9810000000001,3.3089999999999997,120,765,630,876.3770000000001,3.5425
642,404297,883.367,3.806,871.9789999999999,3.4419999999999997,100,845,637,877.673,3.6239999999999997
643,406929,886.18,3.971,891.9910000000001,3.4,120,786,661,889.0855,3.6855
644,407686,874.6010000000001,3.7560000000000002,873.7280000000001,3.2710000000000004,100,225,199,874.1645000000001,3.5135000000000005
645,409521,886.7739999999999,3.799,878.5880000000001,3.36,120,615,167,882.681,3.5795
646,409660,884.7410000000001,3.819,879.2239999999999,3.3480000000000003,120,616,183,881.9825000000001,3.5835
647,410179,884.42,3.693,879.117,3.431,120,594,164,881.7684999999999,3.5620000000000003
648,410398,883.3739999999999,3.798,878.5160000000001,3.362,100,619,159,880.9449999999999,3.58
649,410896,879.039,3.783,875.317,3.408,140,613,168,877.178,3.5955
650,414804,870.903,3.998,874.503,3.7489999999999997,100,583,199,872.703,3.8735
651,414964,883.945,4.032,878.6489999999999,3.702,100,580,191,881.297,3.867
652,415901,886.039,4.069,876.7739999999999,3.6710000000000003,139,642,195,881.4064999999999,3.87
653,416260,876.373,4.112,880.0319999999999,3.7689999999999997,120,718,196,878.2025,3.9405
654,416459,884.305,4.091,878.115,3.722,120,740,196,881.21,3.9065000000000003
655,416598,882.846,4.14,879.903,3.713,180,748,207,881.3745,3.9265
656,416798,884.061,4.1419999999999995,879.2860000000001,3.696,120,737,188,881.6735000000001,3.9189999999999996
657,417236,884.164,4.0569999999999995,879.195,3.662,140,670,184,881.6795,3.8594999999999997
658,419011,882.216,3.995,872.415,3.698,219,617,185,877.3154999999999,3.8465
659,419788,883.293,4.294,878.329,3.97,100,591,221,880.8109999999999,4.132
660,419988,883.8430000000001,4.203,876.385,3.9360000000000004,100,610,218,880.114,4.069500000000001
661,420128,885.034,4.27,878.0989999999999,3.918,179,626,212,881.5664999999999,4.093999999999999
662,420785,883.3639999999999,4.27,876.549,3.675,100,722,186,879.9565,3.9724999999999997
663,421124,883.6669999999999,4.072,877.0880000000001,3.708,100,555,200,880.3775,3.89
664,421802,880.4760000000001,3.978,878.569,3.656,179,623,197,879.5225,3.817
665,422221,878.883,3.958,876.5160000000001,3.7760000000000002,140,244,199,877.6995000000001,3.867
666,424713,870.367,4.149,866.808,3.8739999999999997,100,434,193,868.5875,4.0115
667,425231,870.166,3.884,859.72,3.537,100,444,192,864.943,3.7104999999999997
668,425690,872.9,3.853,866.803,3.525,100,451,185,869.8515,3.689
669,425989,874.8439999999999,3.911,866.862,3.6919999999999997,100,503,196,870.853,3.8015
670,426188,876.658,3.957,868.169,3.7119999999999997,100,503,204,872.4135,3.8345
671,427046,880.847,3.931,875.1089999999999,3.66,120,442,163,877.978,3.7955
672,427504,880.671,3.778,866.903,3.418,120,437,181,873.787,3.598
673,428581,871.38,3.568,-1.0,-1.0,179,35,186,435.19,1.284
674,430276,874.301,3.568,875.77,3.32,120,87,780,875.0355,3.444
675,431093,862.034,3.7289999999999996,857.553,3.3989999999999996,100,87,942,859.7935,3.5639999999999996
676,431233,860.5310000000001,3.7089999999999996,863.2639999999999,3.447,120,90,960,861.8975,3.578
677,431532,859.137,3.745,853.834,3.4019999999999997,120,105,911,856.4855,3.5735
678,431691,860.0830000000001,3.62,848.048,3.543,160,81,848,854.0655,3.5815
679,433246,870.077,3.895,859.544,3.58,140,60,691,864.8105,3.7375
680,433924,866.6339999999999,3.917,861.182,3.5069999999999997,120,53,675,863.9079999999999,3.7119999999999997
681,434084,867.493,3.935,853.546,3.562,100,68,672,860.5195000000001,3.7485
682,435260,869.3639999999999,3.9610000000000003,860.1,3.549,219,66,678,864.732,3.755
683,435519,870.0369999999999,4.067,865.482,3.595,140,67,653,867.7594999999999,3.8310000000000004
684,436117,867.3530000000001,3.8110000000000004,863.75,3.557,100,13,628,865.5515,3.684
685,436317,865.1080000000001,3.8510000000000004,865.441,3.502,120,3,631,865.2745,3.6765
686,436616,869.9730000000001,3.9339999999999997,860.863,3.64,160,87,670,865.4180000000001,3.787
687,437892,865.3810000000001,3.8339999999999996,864.319,3.54,159,56,647,864.85,3.687
688,438071,869.248,3.8560000000000003,862.928,3.571,100,62,648,866.088,3.7135000000000002
689,438390,870.9060000000001,3.8369999999999997,860.6080000000001,3.525,160,73,674,865.7570000000001,3.681
690,438749,861.715,3.752,865.872,3.54,179,60,640,863.7935,3.646
691,438948,868.638,3.674,866.8380000000001,3.6639999999999997,120,42,646,867.738,3.6689999999999996
692,439088,871.6439999999999,4.073,867.442,3.537,399,81,658,869.5429999999999,3.805
693,442019,871.648,3.609,869.4680000000001,3.484,100,33,602,870.558,3.5465
694,442956,869.066,3.8280000000000003,869.439,3.583,180,116,733,869.2525,3.7055000000000002
695,443773,870.294,3.705,870.355,3.448,100,39,655,870.3245,3.5765000000000002
696,444152,867.1239999999999,4.072,866.815,3.4610000000000003,120,132,652,866.9694999999999,3.7665
697,444571,865.0160000000001,3.735,867.6510000000001,3.614,160,98,705,866.3335000000001,3.6745
698,445049,862.533,3.927,866.68,3.568,100,45,656,864.6065,3.7475
699,445907,868.288,3.838,868.115,3.451,100,47,210,868.2015,3.6445
700,447043,872.38,3.8089999999999997,871.2239999999999,3.451,100,67,636,871.8019999999999,3.63
701,447561,-1.0,-1.0,870.1360000000001,3.593,120,111,706,434.56800000000004,1.2965
702,447960,863.072,4.072,870.7660000000001,3.633,100,114,705,866.9190000000001,3.8525
703,448479,864.091,3.99,868.319,3.793,259,732,674,866.2049999999999,3.8915
704,449037,880.0189999999999,3.9330000000000003,873.564,3.6310000000000002,120,720,623,876.7914999999999,3.782
705,450054,879.0419999999999,3.765,875.6360000000001,3.435,120,690,611,877.3389999999999,3.6
706,450392,879.432,3.853,871.403,3.571,120,761,675,875.4175,3.712
707,450552,881.9780000000001,3.9189999999999996,871.31,3.487,259,790,654,876.644,3.703
708,451090,877.9839999999999,3.718,868.082,3.26,140,706,599,873.0329999999999,3.489
709,451489,867.385,3.648,870.927,3.31,120,748,580,869.156,3.479
710,453882,867.9110000000001,3.68,870.802,3.3160000000000003,140,882,661,869.3565000000001,3.498
711,455357,871.5060000000001,3.592,858.1030000000001,3.2760000000000002,100,746,644,864.8045000000001,3.434
712,455935,868.7589999999999,3.535,870.1260000000001,3.36,100,768,767,869.4425,3.4475
713,457729,874.065,3.741,875.92,3.61,160,803,755,874.9925000000001,3.6755
714,458009,879.303,3.785,878.2460000000001,3.4,120,768,708,878.7745,3.5925000000000002
715,459364,869.961,3.688,873.302,3.3689999999999998,180,102,653,871.6315,3.5285
716,459943,876.705,3.779,872.45,3.475,100,783,754,874.5775000000001,3.627
717,460162,878.289,3.8369999999999997,873.209,3.532,140,810,741,875.749,3.6845
718,460321,869.7280000000001,3.762,873.238,3.509,159,845,746,871.4830000000001,3.6355
719,461338,868.41,3.5989999999999998,872.0210000000001,3.361,140,33,205,870.2155,3.48
720,462435,885.525,3.798,875.301,3.341,100,614,192,880.413,3.5695
721,463352,886.942,3.843,876.9630000000001,3.41,100,512,239,881.9525000000001,3.6265
722,464229,876.653,3.637,873.888,3.359,140,256,214,875.2705000000001,3.498
723,465126,873.211,3.655,874.0260000000001,3.275,100,36,202,873.6185,3.465
724,466821,873.452,3.759,877.4110000000001,3.4139999999999997,140,51,208,875.4315,3.5865
725,467439,876.105,3.767,869.847,3.4130000000000003,120,272,222,872.976,3.59
726,467579,887.863,3.863,875.8530000000001,3.424,100,268,196,881.8580000000001,3.6435
727,467778,869.653,3.734,873.653,3.3510000000000004,100,65,215,871.653,3.5425000000000004
728,468236,872.679,4.062,876.655,3.375,120,81,748,874.6669999999999,3.7185
729,468974,877.544,3.7910000000000004,866.084,3.4,279,29,737,871.814,3.5955000000000004
730,469871,864.643,4.237,868.85,3.673,120,115,772,866.7465,3.955
731,470529,870.7860000000001,4.118,870.173,3.6210000000000004,140,102,799,870.4795,3.8695000000000004
732,470729,865.9110000000001,4.338,869.8660000000001,3.551,179,105,813,867.8885,3.9445
733,470928,866.5269999999999,4.269,872.7080000000001,3.65,160,103,829,869.6175000000001,3.9595000000000002
734,471526,859.3439999999999,3.897,871.817,3.625,140,97,844,865.5805,3.761
735,472085,876.671,3.925,873.573,3.55,120,741,779,875.1220000000001,3.7375
736,472224,880.4,3.9,883.068,3.6489999999999996,140,751,776,881.7339999999999,3.7744999999999997
737,472563,878.352,3.8139999999999996,871.275,3.491,179,736,792,874.8135,3.6525
738,472862,874.273,3.835,859.5110000000001,3.4989999999999997,139,706,770,866.892,3.667
739,473022,874.137,3.907,864.877,3.529,219,696,793,869.507,3.718
740,474457,874.422,4.383,864.99,3.5210000000000004,140,743,854,869.706,3.952
741,474736,879.6410000000001,3.728,868.2189999999999,3.4530000000000003,159,779,880,873.9300000000001,3.5905000000000005
742,477069,878.285,4.052,871.2339999999999,3.762,100,786,856,874.7594999999999,3.907
743,477707,872.779,3.949,872.665,3.6710000000000003,120,761,829,872.722,3.81
744,478704,882.555,3.818,875.308,3.58,120,777,909,878.9314999999999,3.699
745,479681,878.145,3.841,877.1510000000001,3.565,140,768,797,877.648,3.7030000000000003
746,480020,869.53,3.975,872.807,3.533,140,797,800,871.1685,3.754
747,480219,858.3560000000001,3.719,873.4739999999999,3.341,140,861,802,865.915,3.5300000000000002
748,480837,880.567,4.147,867.046,3.536,179,764,792,873.8065,3.8415
749,481216,877.691,3.918,871.427,3.532,100,744,798,874.559,3.725
750,482113,880.956,4.112,865.332,3.64,159,754,778,873.144,3.8760000000000003
751,482731,875.4019999999999,3.884,874.452,3.511,139,730,779,874.9269999999999,3.6975
752,482911,875.42,3.8080000000000003,874.4960000000001,3.668,180,732,769,874.9580000000001,3.7380000000000004
753,483469,879.049,3.786,864.577,3.475,120,781,806,871.813,3.6305
754,484206,876.456,3.818,873.773,3.514,160,767,771,875.1145,3.666
755,484406,878.235,3.897,874.8380000000001,3.569,140,718,781,876.5365,3.7329999999999997
756,484665,873.6039999999999,4.013,869.08,3.5069999999999997,140,718,767,871.342,3.76
757,486160,877.72,3.83,873.875,3.45,180,747,869,875.7975,3.64
758,486459,875.18,3.91,864.322,3.5610000000000004,120,752,860,869.751,3.7355
759,486599,877.198,3.971,865.4830000000001,3.528,139,738,834,871.3405,3.7495000000000003
760,486758,871.543,3.861,869.8710000000001,3.511,100,789,875,870.7070000000001,3.686
761,487875,869.1560000000001,3.782,864.947,3.533,100,234,254,867.0515,3.6574999999999998
762,488354,866.821,3.605,867.143,3.3110000000000004,179,45,217,866.982,3.458
763,489251,877.293,3.822,869.46,3.55,100,798,849,873.3765000000001,3.686
764,489570,881.295,3.8369999999999997,870.488,3.62,100,769,867,875.8915,3.7285
765,489968,874.363,3.832,864.663,3.535,179,777,867,869.513,3.6835
766,490168,876.284,3.877,864.8889999999999,3.639,299,807,877,870.5864999999999,3.758
767,490487,869.456,4.038,852.9630000000001,3.653,140,782,875,861.2095,3.8455000000000004
768,490786,879.512,4.025,870.768,3.647,160,775,878,875.14,3.8360000000000003
769,491803,866.439,4.31,869.9110000000001,3.563,219,104,781,868.175,3.9364999999999997
770,492700,860.177,3.7230000000000003,865.7260000000001,3.4939999999999998,179,134,840,862.9515000000001,3.6085000000000003
771,493158,869.5419999999999,3.908,860.289,3.536,219,778,870,864.9155,3.722
772,493617,886.6619999999999,4.002,875.809,3.616,100,812,887,881.2355,3.809
773,494056,882.742,4.051,864.7819999999999,3.446,140,761,839,873.762,3.7485
774,494514,878.7460000000001,3.793,878.194,3.594,100,819,874,878.47,3.6935000000000002
775,496448,875.02,3.8539999999999996,879.193,3.475,120,751,791,877.1065,3.6645
776,496588,876.3989999999999,3.8539999999999996,880.6010000000001,3.5239999999999996,100,788,838,878.5,3.6889999999999996
777,496727,868.105,3.801,871.965,3.543,159,780,863,870.0350000000001,3.672
778,496927,881.65,3.9210000000000003,884.8910000000001,3.614,239,767,864,883.2705000000001,3.7675
779,497186,874.079,3.9,873.7539999999999,3.512,239,839,859,873.9164999999999,3.706
780,497605,881.355,3.963,867.197,3.5580000000000003,219,782,877,874.2760000000001,3.7605000000000004
781,498482,881.6460000000001,3.9939999999999998,873.0989999999999,3.556,180,769,854,877.3725,3.775
782,498980,881.09,4.05,870.602,3.57,140,776,883,875.846,3.8099999999999996
783,499319,876.923,3.883,865.415,3.4960000000000004,100,799,878,871.169,3.6895000000000002
784,503187,874.533,4.087,856.7769999999999,3.532,259,446,806,865.655,3.8095
785,503506,856.732,4.011,858.6439999999999,3.6310000000000002,160,466,811,857.6879999999999,3.821
786,505201,863.936,4.03,867.919,3.525,199,465,817,865.9275,3.7775
787,505679,874.204,4.157,874.525,3.55,100,96,749,874.3644999999999,3.8535
788,506078,876.633,4.16,867.815,3.5639999999999996,100,481,805,872.224,3.862
789,506218,876.4960000000001,4.12,866.4780000000001,3.3819999999999997,100,458,837,871.4870000000001,3.751
790,506417,875.7460000000001,4.175,868.795,3.483,160,463,840,872.2705000000001,3.8289999999999997
791,506856,879.235,4.109,869.3480000000001,3.656,140,502,856,874.2915,3.8825000000000003
792,507194,874.6010000000001,3.841,866.309,3.455,100,1163,845,870.455,3.648
793,507354,878.804,3.978,875.17,3.448,100,1082,845,876.987,3.713
794,507474,871.113,3.787,870.6519999999999,3.492,100,1098,842,870.8824999999999,3.6395
795,508251,877.7310000000001,3.83,870.938,3.505,180,1086,844,874.3345,3.6675
796,508530,874.762,3.7910000000000004,871.35,3.358,100,1165,863,873.056,3.5745000000000005
797,509447,868.308,3.6430000000000002,873.557,3.45,140,425,787,870.9325,3.5465
798,510205,866.078,3.72,871.3960000000001,3.48,120,471,818,868.7370000000001,3.6
799,511481,872.189,3.9610000000000003,871.804,3.6489999999999996,159,461,874,871.9965,3.8049999999999997
800,511680,864.687,4.141,870.002,3.58,100,471,892,867.3444999999999,3.8605
801,512438,872.699,4.385,876.078,3.674,100,72,800,874.3885,4.0295
802,512936,862.436,4.206,879.569,3.682,140,473,916,871.0025,3.944
803,513375,878.683,4.05,868.846,3.657,179,474,961,873.7645,3.8535
804,514252,867.1310000000001,4.096,871.074,3.642,100,467,939,869.1025,3.8689999999999998
805,515728,880.204,4.181,870.1619999999999,3.508,100,459,673,875.183,3.8445
806,516206,884.623,3.775,875.0219999999999,3.388,120,428,686,879.8225,3.5815
807,517522,866.558,3.8139999999999996,873.118,3.522,100,458,863,869.838,3.6679999999999997
808,517761,863.1060000000001,3.736,873.289,3.431,140,447,876,868.1975,3.5835
809,518319,868.414,3.85,863.115,3.488,120,437,892,865.7645,3.669
810,518539,855.5310000000001,3.71,863.196,3.3739999999999997,100,450,865,859.3635,3.542
811,518658,863.878,3.9,867.602,3.6439999999999997,139,460,887,865.74,3.772
812,518818,868.6110000000001,3.804,871.702,3.3939999999999997,179,460,851,870.1565,3.5989999999999998
813,519456,861.178,3.804,864.7189999999999,3.299,140,439,838,862.9485,3.5515
814,520034,859.791,3.784,863.265,3.406,120,464,851,861.528,3.5949999999999998
815,520373,864.4010000000001,3.7460000000000004,863.553,3.41,239,455,884,863.9770000000001,3.5780000000000003
816,520772,866.28,3.8369999999999997,870.831,3.3789999999999996,120,453,858,868.5554999999999,3.6079999999999997
817,522128,856.836,3.81,860.255,3.387,140,532,824,858.5455,3.5985
818,523663,871.709,3.722,876.939,3.321,239,461,766,874.324,3.5215
819,526793,860.008,3.745,865.188,3.409,120,783,883,862.598,3.577
820,526972,860.8660000000001,3.7489999999999997,866.072,3.532,100,810,895,863.469,3.6405
821,527770,869.664,4.343999999999999,866.584,3.6319999999999997,100,510,825,868.124,3.9879999999999995
822,528029,880.388,4.173,-1.0,-1.0,160,438,806,439.694,1.5865
823,529824,873.2180000000001,3.7680000000000002,876.7389999999999,3.63,120,466,805,874.9784999999999,3.699
824,531817,880.555,3.582,869.9019999999999,3.283,100,474,192,875.2284999999999,3.4325
825,532834,880.0880000000001,3.488,877.393,3.042,100,620,187,878.7405000000001,3.2649999999999997
826,533312,862.53,3.6189999999999998,867.75,3.2760000000000002,140,779,828,865.14,3.4475
827,533652,882.0039999999999,3.7460000000000004,877.2919999999999,3.418,140,768,863,879.6479999999999,3.5820000000000003
828,533871,860.847,3.7569999999999997,866.0939999999999,3.471,160,826,856,863.4704999999999,3.614
829,534848,879.2719999999999,3.833,865.5360000000001,3.57,160,601,236,872.404,3.7015000000000002
830,536323,864.242,3.8569999999999998,872.551,3.69,100,808,837,868.3965000000001,3.7735
831,537519,-1.0,-1.0,861.944,3.5810000000000004,140,103,810,430.472,1.2905000000000002
832,538177,873.3639999999999,3.83,874.008,3.488,180,814,870,873.6859999999999,3.659
833,538377,873.3919999999999,4.408,864.8589999999999,3.5380000000000003,140,784,844,869.1254999999999,3.9730000000000003
834,540709,862.118,4.098,870.5310000000001,3.613,100,38,842,866.3245000000001,3.8555
835,541407,878.434,3.951,850.712,3.591,160,804,908,864.573,3.771
836,544418,875.659,3.865,863.445,3.467,100,303,226,869.552,3.6660000000000004
837,547468,873.03,3.616,872.2289999999999,3.387,100,24,230,872.6295,3.5015
838,548106,870.875,3.907,874.918,3.477,179,119,703,872.8965000000001,3.692
839,548844,865.95,3.94,869.919,3.589,239,23,740,867.9345000000001,3.7645
840,549601,862.2610000000001,3.968,866.182,3.53,100,56,932,864.2215000000001,3.7489999999999997
841,550000,862.92,3.924,867.1239999999999,3.657,100,74,758,865.0219999999999,3.7904999999999998
842,550937,878.1260000000001,3.867,881.591,3.505,100,112,722,879.8585,3.686
843,551216,871.56,4.191,877.1060000000001,3.571,159,71,747,874.3330000000001,3.8810000000000002
844,551416,872.047,4.148,875.91,3.5439999999999996,160,81,756,873.9784999999999,3.8459999999999996
845,553768,880.03,4.05,866.216,3.667,120,797,912,873.123,3.8585
846,555344,874.841,4.162,861.8789999999999,3.6060000000000003,100,729,881,868.3599999999999,3.8840000000000003
847,556460,881.3839999999999,4.021,866.592,3.5580000000000003,160,732,864,873.9879999999999,3.7895000000000003
848,557258,880.58,3.892,880.58,3.5460000000000003,100,742,766,880.58,3.7190000000000003
849,558833,874.346,3.8139999999999996,873.1339999999999,3.363,100,250,235,873.74,3.5885
850,559032,870.447,3.682,874.29,3.355,160,243,231,872.3685,3.5185
851,561125,873.205,3.877,873.327,3.407,100,39,252,873.2660000000001,3.642
852,562122,872.538,3.928,872.6419999999999,3.557,100,44,257,872.5899999999999,3.7424999999999997
853,562661,871.957,3.841,872.105,3.543,100,65,751,872.031,3.692
854,564435,884.023,4.053,871.9010000000001,3.699,139,777,677,877.962,3.876
855,564594,852.5930000000001,3.8569999999999998,856.551,3.55,199,756,731,854.5720000000001,3.7035
856,564914,864.205,3.8760000000000003,-1.0,-1.0,100,752,790,431.6025,1.4380000000000002
857,565651,881.433,4.005,875.427,3.5869999999999997,140,740,615,878.4300000000001,3.796
858,566130,880.882,3.7960000000000003,874.2739999999999,3.617,239,758,639,877.578,3.7065
859,566389,868.7719999999999,3.7910000000000004,872.424,3.423,100,761,667,870.598,3.607
860,566827,882.8989999999999,3.9219999999999997,872.074,3.637,140,775,684,877.4865,3.7794999999999996
861,567107,881.434,3.805,872.6289999999999,3.475,100,744,590,877.0314999999999,3.64
862,567446,888.8480000000001,3.9339999999999997,873.409,3.425,160,801,601,881.1285,3.6795
863,569898,867.3989999999999,3.5989999999999998,871.072,3.168,100,730,639,869.2355,3.3834999999999997
864,570576,866.2180000000001,3.4730000000000003,871.816,3.1860000000000004,120,786,583,869.017,3.3295000000000003
865,571413,869.1669999999999,3.611,872.938,3.429,140,777,679,871.0525,3.52
866,571872,870.7139999999999,3.65,874.565,3.264,140,799,631,872.6395,3.457
867,572629,862.424,3.4560000000000004,866.189,3.452,139,782,672,864.3064999999999,3.454
868,574085,870.816,3.387,873.5989999999999,3.266,120,83,605,872.2075,3.3265000000000002
869,576736,874.3760000000001,3.511,876.092,3.3360000000000003,100,56,637,875.234,3.4235
870,577335,-1.0,-1.0,873.1189999999999,3.565,100,114,690,436.05949999999996,1.2825
871,578850,870.877,3.675,874.674,3.2489999999999997,159,274,237,872.7755,3.4619999999999997
872,579528,885.467,3.895,879.2669999999999,3.468,120,600,246,882.367,3.6814999999999998
873,579886,887.2239999999999,3.9419999999999997,877.584,3.513,120,461,274,882.404,3.7275
874,580186,889.632,3.9960000000000004,878.918,3.5789999999999997,100,494,312,884.275,3.7875
875,580983,889.783,4.078,874.7719999999999,3.608,160,773,695,882.2774999999999,3.843
876,581641,880.959,3.873,876.925,3.452,100,553,242,878.942,3.6625
877,581900,881.8860000000001,3.716,875.683,3.3139999999999996,140,450,236,878.7845,3.5149999999999997
878,583854,-1.0,-1.0,873.666,3.6710000000000003,120,77,638,436.333,1.3355000000000001
879,583994,874.6160000000001,3.9219999999999997,873.91,3.667,140,78,607,874.263,3.7944999999999998
880,585409,885.89,4.141,885.89,3.786,179,778,641,885.89,3.9635
881,601479,870.6210000000001,4.12,876.165,3.533,100,209,704,873.393,3.8265000000000002
882,602077,883.721,3.9339999999999997,889.3589999999999,3.6839999999999997,100,829,768,886.54,3.8089999999999997
883,609175,902.33,3.863,903.635,3.7430000000000003,100,129,701,902.9825000000001,3.803
884,609554,896.752,3.877,897.258,3.582,100,116,733,897.005,3.7295
885,632980,878.512,4.056,869.3510000000001,3.471,160,799,730,873.9315,3.7635
886,633877,-1.0,-1.0,877.967,3.522,199,95,613,438.4835,1.261
887,634954,874.694,3.9130000000000003,872.176,3.605,120,140,226,873.435,3.7590000000000003
888,635632,887.352,4.468999999999999,868.0360000000001,3.783,100,802,690,877.694,4.1259999999999994
889,636290,873.829,3.972,879.187,3.513,160,829,673,876.508,3.7424999999999997
890,636549,871.988,4.091,877.49,3.557,100,804,761,874.739,3.824
891,636768,874.5369999999999,4.221,865.1519999999999,3.72,120,807,742,869.8444999999999,3.9705000000000004
892,637167,857.171,3.983,845.9910000000001,3.588,120,787,757,851.5810000000001,3.7855
893,637346,853.427,3.992,841.2560000000001,3.572,199,844,770,847.3415,3.782
894,637645,852.258,3.978,843.904,3.404,279,800,755,848.081,3.691
895,638244,853.9739999999999,3.8310000000000004,842.456,3.4619999999999997,379,817,772,848.2149999999999,3.6465
896,638742,855.931,3.715,850.703,3.292,239,860,777,853.317,3.5035
897,639101,855.802,3.839,844.4019999999999,3.3789999999999996,120,795,771,850.102,3.609
898,639340,857.5239999999999,3.9139999999999997,845.747,3.5260000000000002,100,816,774,851.6354999999999,3.7199999999999998
899,639838,869.138,3.7739999999999996,870.832,3.5060000000000002,100,780,766,869.985,3.6399999999999997
900,641294,865.2689999999999,3.764,870.43,3.5669999999999997,100,136,703,867.8494999999999,3.6654999999999998
901,641473,866.697,3.866,872.072,3.557,180,85,656,869.3845,3.7115
902,642211,881.54,4.156000000000001,870.6260000000001,3.693,100,817,794,876.0830000000001,3.9245
903,642410,869.683,4.147,873.403,3.759,199,775,761,871.543,3.9530000000000003
904,642690,883.0060000000001,4.226,873.7489999999999,3.9139999999999997,120,828,757,878.3775,4.07
905,642829,881.3639999999999,4.324,873.182,3.8,120,839,774,877.2729999999999,4.061999999999999
906,642969,879.211,4.273,878.189,3.805,279,801,773,878.7,4.039
907,643308,885.194,4.293,876.062,3.742,139,851,778,880.6279999999999,4.0175
908,643487,886.1569999999999,4.281000000000001,890.67,3.8689999999999998,160,749,783,888.4134999999999,4.075
909,643686,884.305,4.189,888.664,3.755,120,745,792,886.4845,3.972
910,643926,888.1410000000001,4.2410000000000005,878.135,3.8680000000000003,120,764,767,883.138,4.054500000000001
911,644125,889.545,4.159,894.0060000000001,3.785,120,779,770,891.7755,3.972
912,644305,889.17,4.165,893.6469999999999,3.782,140,788,788,891.4085,3.9735
913,644524,882.4069999999999,4.12,869.6239999999999,3.6319999999999997,219,842,794,876.0155,3.876
914,644863,881.555,4.103,870.9689999999999,3.531,100,878,792,876.262,3.817
915,645102,876.727,4.1610000000000005,863.825,3.569,100,807,801,870.2760000000001,3.865
916,645222,878.488,4.263999999999999,873.9689999999999,3.718,140,782,808,876.2284999999999,3.9909999999999997
917,645381,875.71,4.145,868.658,3.657,100,786,813,872.184,3.901
918,645800,877.2639999999999,3.9989999999999997,870.6289999999999,3.5010000000000003,179,831,794,873.9464999999999,3.75
919,646358,884.923,4.2219999999999995,864.8760000000001,3.61,100,824,790,874.8995,3.9159999999999995
920,651024,881.306,3.841,877.314,3.497,100,43,236,879.31,3.669
921,651362,877.6289999999999,3.895,870.1519999999999,3.4010000000000002,199,127,267,873.8905,3.648
922,652160,876.921,3.9210000000000003,876.571,3.61,100,20,256,876.7460000000001,3.7655000000000003
923,652958,859.6460000000001,4.4719999999999995,850.7860000000001,4.025,140,111,270,855.2160000000001,4.2485
924,653296,862.666,4.349,855.16,3.865,100,27,262,858.913,4.107
925,654552,872.995,3.964,858.831,3.4939999999999998,120,121,265,865.913,3.729
926,657424,869.2769999999999,4.084,857.02,3.696,179,248,264,863.1485,3.8899999999999997
927,659557,860.289,4.427,854.924,3.991,120,80,262,857.6065,4.209
928,659975,861.701,4.336,855.596,4.048,518,55,280,858.6485,4.192
929,660773,-1.0,-1.0,858.283,4.266,100,126,271,428.6415,1.633
930,661451,858.934,4.382,853.2289999999999,4.1610000000000005,120,103,657,856.0815,4.2715
931,661590,860.959,4.41,852.095,4.224,160,97,683,856.527,4.317
932,661969,859.422,4.263,852.317,3.965,219,82,616,855.8695,4.114
933,662208,858.645,4.2010000000000005,854.059,3.8960000000000004,439,97,614,856.352,4.048500000000001
934,662946,858.0830000000001,4.069,850.461,3.728,179,58,262,854.272,3.8985000000000003
935,663245,-1.0,-1.0,858.488,3.883,140,249,262,428.744,1.4415
936,663405,867.329,4.15,859.072,3.781,120,253,273,863.2004999999999,3.9655000000000005
937,663784,865.9989999999999,4.113,858.065,3.7569999999999997,140,775,754,862.0319999999999,3.935
938,664521,869.6060000000001,4.133,864.648,3.842,100,750,650,867.1270000000001,3.9875
939,664641,864.954,4.092,863.672,3.725,179,766,649,864.313,3.9085
940,664920,860.572,4.263,845.8919999999999,3.609,100,787,686,853.232,3.936
941,665059,865.81,4.24,862.687,3.615,120,787,671,864.2484999999999,3.9275
942,665917,870.936,4.156000000000001,858.635,3.7430000000000003,100,765,744,864.7855,3.9495000000000005
943,666096,856.005,4.449,850.2139999999999,3.7539999999999996,140,802,705,853.1095,4.1015
944,666256,856.951,4.367,850.465,3.695,120,815,746,853.7080000000001,4.031
945,666535,861.7310000000001,4.243,854.698,3.8139999999999996,100,795,738,858.2145,4.0285
946,666914,862.545,4.254,850.8,3.8080000000000003,100,842,752,856.6724999999999,4.031
947,668190,871.88,4.2,830.5830000000001,3.5380000000000003,100,848,753,851.2315000000001,3.869
948,669904,859.303,4.234,856.745,3.523,120,823,706,858.024,3.8785
949,670243,861.428,3.906,852.909,3.464,239,788,717,857.1685,3.685
950,670642,866.65,4.006,-1.0,-1.0,180,790,715,432.825,1.5030000000000001
951,670901,868.671,4.021,860.98,3.53,120,810,698,864.8255,3.7755
952,671041,869.3810000000001,3.94,862.3389999999999,3.549,120,807,701,865.86,3.7445
953,671240,863.5369999999999,3.748,866.817,3.545,120,786,675,865.1769999999999,3.6465
954,671380,871.966,3.9,868.02,3.6489999999999996,120,816,675,869.9929999999999,3.7744999999999997
955,671639,876.166,3.917,867.6010000000001,3.438,120,780,657,871.8835000000001,3.6775
956,671918,873.699,3.823,866.828,3.2910000000000004,100,798,649,870.2635,3.5570000000000004
957,673094,858.961,3.628,865.3960000000001,3.207,160,93,250,862.1785,3.4175
958,673314,859.2819999999999,3.523,863.076,3.282,179,260,246,861.179,3.4025
959,673772,863.201,3.633,859.414,3.344,179,286,257,861.3075,3.4885
960,674270,863.8430000000001,3.717,860.793,3.4330000000000003,339,778,849,862.318,3.575
961,674789,860.49,3.75,846.7589999999999,3.488,100,761,674,853.6244999999999,3.6189999999999998
962,675008,864.863,3.824,856.21,3.46,179,724,591,860.5365,3.642
963,675327,867.311,3.795,858.945,3.531,160,743,635,863.128,3.6630000000000003
964,675567,868.2760000000001,3.826,861.193,3.409,120,763,599,864.7345,3.6174999999999997
965,675706,865.3960000000001,3.742,859.752,3.2539999999999996,140,774,604,862.5740000000001,3.4979999999999998
966,675925,869.5010000000001,3.7960000000000003,861.681,3.367,120,807,591,865.5910000000001,3.5815
967,676464,865.52,3.718,862.44,3.378,100,790,618,863.98,3.548
968,676723,868.008,3.824,863.062,3.431,120,802,630,865.5350000000001,3.6275
969,677002,864.743,3.7880000000000003,859.2139999999999,3.346,140,749,626,861.9784999999999,3.567
970,677261,868.1610000000001,3.852,861.375,3.305,100,763,664,864.768,3.5785
971,677401,866.5160000000001,3.7769999999999997,861.3689999999999,3.216,100,758,648,863.9425,3.4965
972,677560,868.003,3.667,861.0419999999999,3.258,120,755,646,864.5225,3.4625
973,677760,868.428,3.745,857.699,3.085,100,710,647,863.0635,3.415
974,677879,869.587,3.714,861.191,3.284,100,696,639,865.389,3.4989999999999997
975,678657,868.643,3.728,861.813,3.346,180,814,692,865.2280000000001,3.537
976,678876,871.0310000000001,3.7030000000000003,864.862,3.3139999999999996,159,863,678,867.9465,3.5084999999999997
977,680132,876.5360000000001,3.929,856.898,3.471,120,723,652,866.7170000000001,3.7
978,682924,871.174,3.593,860.804,3.3689999999999998,120,26,559,865.989,3.481
979,683203,869.052,3.674,860.215,3.342,100,8,538,864.6335,3.508
980,684877,880.155,3.862,868.148,3.397,159,716,555,874.1514999999999,3.6295
981,685495,880.6110000000001,3.833,869.987,3.588,100,697,594,875.299,3.7105
982,685655,880.8389999999999,3.95,871.5310000000001,3.555,140,698,589,876.185,3.7525000000000004
983,685814,880.55,3.875,873.7330000000001,3.667,120,723,601,877.1415,3.771
984,686712,879.31,3.801,870.683,3.535,219,741,584,874.9965,3.668
985,687828,888.804,3.877,882.398,3.426,100,682,625,885.601,3.6515
986,688227,887.965,3.812,893.425,3.4560000000000004,120,752,631,890.6949999999999,3.6340000000000003
987,689184,883.193,3.636,887.385,3.4139999999999997,120,739,653,885.289,3.525
988,690041,880.472,3.6919999999999997,873.941,3.556,299,87,803,877.2065,3.6239999999999997
989,690380,866.056,4.254,866.163,3.593,179,77,841,866.1095,3.9234999999999998
990,690878,871.0319999999999,3.84,876.895,3.673,100,217,809,873.9635,3.7565
991,691477,876.8610000000001,3.8310000000000004,868.865,3.512,140,99,826,872.863,3.6715
992,691716,876.475,3.748,877.296,3.478,100,66,831,876.8855000000001,3.6130000000000004
993,692573,869.735,3.708,871.548,3.3089999999999997,100,51,544,870.6415,3.5084999999999997
994,694447,868.383,3.583,875.193,3.451,100,109,802,871.788,3.5170000000000003
995,697278,866.342,4.266,861.0139999999999,3.748,160,96,825,863.6779999999999,4.007
996,697578,867.1389999999999,4.248,869.302,3.886,120,82,837,868.2204999999999,4.067
997,697956,868.95,4.024,866.061,3.755,100,38,836,867.5055,3.8895
998,700150,871.732,3.845,875.3430000000001,3.576,100,728,640,873.5375,3.7105
999,700508,884.335,3.786,872.7819999999999,3.528,120,683,637,878.5585,3.657
1000,701226,881.133,3.9010000000000002,855.845,3.5860000000000003,100,757,668,868.489,3.7435
1001,701924,875.457,3.983,868.518,3.574,120,787,732,871.9875,3.7785
1002,702203,875.067,4.003,863.172,3.528,139,747,702,869.1195,3.7655000000000003
1003,702363,878.3739999999999,3.86,861.413,3.61,140,822,731,869.8934999999999,3.735
1004,702682,875.003,3.8560000000000003,866.6569999999999,3.8939999999999997,120,732,710,870.8299999999999,3.875
1005,703280,865.425,4.131,857.732,3.411,120,73,888,861.5785,3.771
1006,704217,890.803,3.8710000000000004,872.332,3.4330000000000003,140,749,691,881.5675,3.652
1007,704456,862.164,3.7030000000000003,867.432,3.343,100,750,657,864.798,3.523
1008,709540,869.321,3.9530000000000003,875.077,3.7680000000000002,140,766,647,872.1990000000001,3.8605
1009,709700,890.722,4.008,877.074,3.5439999999999996,100,734,653,883.8979999999999,3.776
1010,709999,886.698,3.9360000000000004,871.7769999999999,3.5869999999999997,120,750,680,879.2375,3.7615
1011,711175,877.242,3.9810000000000003,872.677,3.5639999999999996,100,807,716,874.9594999999999,3.7725
1012,712930,882.862,4.001,872.5989999999999,3.779,179,802,759,877.7304999999999,3.89
1013,715422,866.679,4.203,868.693,3.555,120,108,825,867.6859999999999,3.8790000000000004
1014,717555,878.435,4.131,878.435,3.6060000000000003,120,793,711,878.435,3.8685
1015,718253,865.378,3.765,871.265,3.484,140,769,831,868.3215,3.6245000000000003
1016,718412,868.697,3.8360000000000003,872.747,3.435,120,764,844,870.722,3.6355000000000004
1017,718552,866.35,3.92,870.5060000000001,3.59,339,791,836,868.4280000000001,3.755
1018,719309,867.9019999999999,3.9730000000000003,872.2130000000001,3.595,199,775,833,870.0575,3.7840000000000003
1019,719808,869.699,3.935,866.816,3.699,100,122,872,868.2574999999999,3.817
1020,720027,869.6439999999999,4.063,876.105,3.556,100,86,949,872.8744999999999,3.8095
1021,722619,880.625,3.823,873.314,3.409,120,29,156,876.9694999999999,3.6159999999999997
1022,723995,874.084,3.7,878.2439999999999,3.298,100,41,187,876.164,3.499
1023,725331,874.1089999999999,3.755,878.1039999999999,3.529,140,60,313,876.1064999999999,3.642
1024,726407,870.297,3.812,868.796,3.7510000000000003,140,104,947,869.5465,3.7815000000000003
1025,728600,872.722,4.113,858.047,3.81,100,740,895,865.3845,3.9615
1026,728760,873.171,4.013,872.669,3.582,120,789,865,872.9200000000001,3.7975
1027,729158,877.558,3.822,866.9989999999999,3.535,179,746,874,872.2784999999999,3.6785
1028,729378,871.2769999999999,3.966,867.079,3.622,219,775,878,869.1779999999999,3.794
1029,730474,867.3660000000001,4.037,864.225,3.503,100,96,952,865.7955000000001,3.77
1030,734342,878.115,4.095,860.196,3.576,100,763,860,869.1555000000001,3.8354999999999997
1031,735259,877.21,3.798,867.288,3.5789999999999997,120,768,844,872.249,3.6885
1032,736376,866.0989999999999,3.842,871.1460000000001,3.5,100,788,813,868.6225,3.6710000000000003
1033,751808,-1.0,-1.0,869.762,3.555,120,807,832,434.381,1.2775
1034,768754,860.307,4.083,850.5269999999999,3.697,259,96,808,855.4169999999999,3.89
1035,769452,862.842,4.251,854.174,3.799,120,275,289,858.508,4.025
1036,769711,870.62,4.218,857.6569999999999,3.917,120,794,670,864.1385,4.0675
1037,769851,867.812,4.312,859.316,3.9560000000000004,219,747,650,863.5640000000001,4.134
1038,770090,866.091,4.196000000000001,-1.0,-1.0,279,776,671,432.5455,1.5980000000000003
1039,770449,868.3910000000001,4.101,863.73,3.73,120,782,654,866.0605,3.9154999999999998
1040,770628,-1.0,-1.0,861.852,3.778,100,789,676,430.426,1.389
1041,770748,868.025,4.127,858.98,3.6860000000000004,179,830,661,863.5025,3.9065000000000003
1042,771406,867.7330000000001,4.122,857.9689999999999,3.805,120,287,305,862.851,3.9635
1043,771546,865.3839999999999,3.924,859.4110000000001,3.622,120,275,305,862.3975,3.7729999999999997
1044,771685,863.444,3.924,859.39,3.622,100,277,289,861.4169999999999,3.7729999999999997
1045,772124,867.372,4.1,859.939,3.638,140,821,645,863.6555,3.8689999999999998
1046,772423,868.566,4.088,860.362,3.767,140,868,657,864.4639999999999,3.9275
1047,772842,867.569,4.005,857.6669999999999,3.7089999999999996,120,328,272,862.6179999999999,3.8569999999999998
1048,772981,865.7330000000001,3.972,858.9580000000001,3.695,100,333,272,862.3455000000001,3.8335
1049,773200,868.215,3.907,858.091,3.514,279,322,264,863.153,3.7104999999999997
1050,773719,868.262,3.7889999999999997,857.19,3.528,139,325,279,862.726,3.6585
1051,773958,867.2489999999999,3.9339999999999997,860.0369999999999,3.5210000000000004,120,329,280,863.6429999999999,3.7275
1052,774197,867.289,4.053,856.221,3.505,120,335,288,861.755,3.779
1053,776570,866.699,4.085,859.946,3.54,120,106,838,863.3225,3.8125
1054,776989,866.567,3.9189999999999996,855.204,3.694,120,101,865,860.8855,3.8064999999999998
1055,777168,867.302,3.819,857.716,3.5189999999999997,179,123,920,862.509,3.6689999999999996
1056,777387,866.945,3.8489999999999998,850.867,3.6289999999999996,159,115,961,858.906,3.739
1057,777686,860.6339999999999,3.85,865.6110000000001,3.687,299,105,949,863.1225,3.7685
1058,779002,868.32,4.03,858.1560000000001,3.739,160,44,785,863.238,3.8845
1059,780059,869.075,4.187,848.002,3.68,199,737,862,858.5385,3.9335000000000004
1060,780378,873.7739999999999,4.196000000000001,867.712,3.773,379,717,679,870.7429999999999,3.9845000000000006
1061,780996,869.54,3.988,866.0930000000001,3.6860000000000004,139,768,676,867.8165,3.837
1062,781156,877.944,3.964,866.635,3.615,120,756,679,872.2895,3.7895000000000003
1063,781674,872.831,3.8480000000000003,869.133,3.452,159,832,683,870.982,3.6500000000000004
1064,781893,872.123,3.912,869.18,3.56,199,786,729,870.6514999999999,3.7359999999999998
1065,782152,879.515,3.96,870.936,3.523,199,781,706,875.2255,3.7415000000000003
1066,782451,878.313,3.923,869.961,3.403,140,790,821,874.137,3.6630000000000003
1067,782611,860.398,3.763,863.332,3.448,120,788,808,861.865,3.6055
1068,782850,872.188,3.821,862.638,3.44,199,807,813,867.413,3.6305
1069,783090,872.3439999999999,3.8310000000000004,863.8639999999999,3.418,139,784,825,868.1039999999999,3.6245000000000003
1070,783269,873.55,3.805,862.765,3.4610000000000003,100,772,863,868.1575,3.633
1071,783847,876.013,3.83,872.949,3.452,100,759,849,874.481,3.641
1072,784266,866.832,4.1610000000000005,871.7719999999999,3.451,120,747,839,869.3019999999999,3.806
1073,785562,881.552,3.944,873.695,3.322,100,722,633,877.6235,3.633
1074,786858,879.252,3.715,871.054,3.304,120,743,628,875.153,3.5095
1075,787216,871.785,3.753,875.284,3.4210000000000003,120,784,617,873.5345,3.587
1076,788074,869.814,3.957,873.368,3.5210000000000004,100,841,667,871.591,3.739
1077,788333,880.454,3.821,872.4960000000001,3.596,140,775,691,876.475,3.7085
1078,788492,866.795,3.822,872.034,3.392,140,766,687,869.4145,3.607
1079,788752,870.5269999999999,3.839,874.025,3.472,100,770,651,872.276,3.6555
1080,789110,876.0260000000001,3.9760000000000004,871.845,3.375,219,815,660,873.9355,3.6755000000000004
1081,790247,868.5830000000001,3.733,870.7860000000001,3.458,120,61,612,869.6845000000001,3.5955000000000004
1082,790666,864.3760000000001,3.71,866.547,3.5589999999999997,140,54,618,865.4615000000001,3.6345
1083,791702,868.4,3.87,872.534,3.5839999999999996,120,45,577,870.467,3.727
1084,793437,864.288,3.965,868.6339999999999,3.783,100,101,675,866.461,3.8739999999999997
1085,794833,881.6030000000001,3.948,866.802,3.531,100,294,315,874.2025000000001,3.7395
1086,795251,879.935,4.035,867.555,3.562,160,238,269,873.7449999999999,3.7984999999999998
1087,795730,883.408,4.069,871.56,3.4810000000000003,100,402,240,877.4839999999999,3.7750000000000004
1088,796129,881.9989999999999,3.864,871.181,3.562,100,437,267,876.5899999999999,3.713
1089,796547,873.7560000000001,3.763,868.0169999999999,3.458,199,85,250,870.8865000000001,3.6105
1090,797185,870.804,3.65,867.413,3.4130000000000003,100,21,207,869.1085,3.5315000000000003
1091,797624,880.953,4.106,866.493,3.752,120,715,681,873.723,3.929
1092,798003,865.885,4.486000000000001,858.1389999999999,3.7889999999999997,100,69,648,862.012,4.1375
1093,799000,876.707,4.052,870.6610000000001,3.7569999999999997,100,775,648,873.684,3.9044999999999996
1094,799358,878.53,4.066,863.5369999999999,3.7430000000000003,100,775,660,871.0335,3.9045
1095,799478,869.564,4.032,864.007,3.7739999999999996,160,771,651,866.7855,3.9029999999999996
1096,799717,872.9580000000001,4.199,864.2330000000001,3.6830000000000003,179,795,655,868.5955000000001,3.941
1097,799957,872.194,4.159,862.1489999999999,3.801,100,806,671,867.1714999999999,3.98
1098,800694,873.8539999999999,4.125,861.797,3.719,100,250,245,867.8254999999999,3.9219999999999997
1099,800954,870.211,3.9810000000000003,860.038,3.62,140,246,210,865.1245,3.8005000000000004
1100,801352,877.3580000000001,4.1739999999999995,-1.0,-1.0,179,815,648,438.17900000000003,1.5869999999999997
1101,801711,880.796,4.061,871.5980000000001,3.737,219,781,651,876.1970000000001,3.899
1102,802150,876.442,3.847,868.596,3.5460000000000003,100,871,641,872.519,3.6965000000000003
1103,802449,874.362,3.884,868.801,3.5589999999999997,100,773,661,871.5815,3.7215
1104,803486,875.995,3.84,869.7589999999999,3.535,140,779,637,872.877,3.6875
1105,803884,880.539,3.9619999999999997,869.352,3.5389999999999997,140,816,652,874.9455,3.7504999999999997
1106,804582,876.86,3.8760000000000003,868.492,3.6010000000000004,239,847,658,872.6759999999999,3.7385
1107,805061,872.9780000000001,3.951,868.2130000000001,3.425,179,850,638,870.5955000000001,3.6879999999999997
1108,805699,875.685,3.865,872.1389999999999,3.617,120,295,241,873.9119999999999,3.741
1109,805898,873.052,3.8939999999999997,866.352,3.549,120,317,241,869.702,3.7215
1110,806436,871.297,3.741,864.9830000000001,3.463,419,330,233,868.1400000000001,3.6020000000000003
1111,806875,869.967,3.668,861.564,3.266,239,327,219,865.7655,3.467
1112,807593,874.666,3.77,865.053,3.574,120,765,687,869.8595,3.6719999999999997
1113,809626,882.308,3.716,878.967,3.302,120,839,708,880.6375,3.5090000000000003
1114,810384,878.7719999999999,3.753,867.61,3.3280000000000003,120,831,714,873.191,3.5405
1115,811142,868.2280000000001,3.71,863.169,3.4610000000000003,160,775,741,865.6985,3.5855
1116,811780,861.346,3.6519999999999997,864.658,3.48,120,853,749,863.002,3.566
1117,812039,851.5880000000001,3.698,851.8760000000001,3.2710000000000004,100,753,745,851.7320000000001,3.4845
1118,812158,857.081,3.7910000000000004,852.5210000000001,3.355,279,802,757,854.801,3.5730000000000004
1119,812557,856.82,3.758,856.197,3.4330000000000003,180,878,763,856.5085,3.5955000000000004
1120,812816,859.654,3.801,853.8889999999999,3.597,139,768,767,856.7715,3.699
1121,812976,856.971,3.752,851.57,3.465,120,771,748,854.2705000000001,3.6085
1122,813614,863.291,3.935,836.9010000000001,3.29,159,851,769,850.096,3.6125
1123,813833,869.069,4.019,858.9119999999999,3.469,140,775,763,863.9904999999999,3.7439999999999998
1124,814690,875.612,3.674,871.087,3.4560000000000004,100,756,776,873.3495,3.5650000000000004
1125,818060,899.8580000000001,3.924,889.7810000000001,3.6310000000000002,100,54,644,894.8195000000001,3.7775
1126,832833,880.931,3.7760000000000002,884.757,3.438,140,745,615,882.844,3.607
1127,849920,874.247,3.707,879.711,3.3480000000000003,100,798,730,876.979,3.5275
1128,850119,873.324,3.72,878.9119999999999,3.3480000000000003,140,794,765,876.1179999999999,3.5340000000000003
1129,882717,872.4010000000001,3.674,872.4010000000001,3.5660000000000003,140,770,853,872.4010000000001,3.62
1130,883235,882.432,3.6889999999999996,888.45,3.4589999999999996,120,768,871,885.441,3.574
1131,884192,869.11,3.627,872.811,3.3310000000000004,219,786,855,870.9605,3.479
1132,885070,858.705,3.642,862.341,3.362,100,773,841,860.523,3.502
1133,885289,878.7130000000001,3.667,867.571,3.3480000000000003,199,1113,919,873.142,3.5075000000000003
1134,885867,872.209,3.628,876.329,3.3339999999999996,140,1102,945,874.269,3.481
1135,886126,868.7589999999999,3.6439999999999997,872.799,3.25,259,1198,1038,870.779,3.447
1136,887183,883.138,4.105,853.7919999999999,3.4789999999999996,160,769,841,868.4649999999999,3.792
1137,887662,880.752,4.218999999999999,874.25,3.634,159,799,810,877.501,3.9265
1138,889855,865.956,3.875,-1.0,-1.0,100,787,866,432.478,1.4375
1139,907380,868.3989999999999,3.892,872.573,3.611,179,94,766,870.4859999999999,3.7515
1140,907778,865.492,3.772,869.7230000000001,3.367,100,120,750,867.6075000000001,3.5694999999999997
1141,908237,856.918,3.8089999999999997,861.153,3.491,120,811,899,859.0355,3.65
1142,909234,877.762,4.16,878.3739999999999,3.5180000000000002,120,785,899,878.068,3.8390000000000004
1143,910650,865.291,4.335,872.9730000000001,3.565,100,760,773,869.1320000000001,3.95
1144,912085,876.666,4.122,867.8969999999999,3.388,120,766,848,872.2815,3.755
1145,915913,874.7819999999999,3.721,885.1089999999999,3.4810000000000003,100,78,735,879.9454999999999,3.601
1146,917309,868.855,3.951,873.923,3.508,120,793,856,871.389,3.7295
1147,919621,874.279,3.861,879.365,3.4819999999999998,100,910,775,876.822,3.6715
1148,920080,883.834,4.209,879.671,3.4530000000000003,120,787,795,881.7525,3.831
1149,932082,891.1010000000001,3.734,890.612,3.306,100,706,589,890.8565000000001,3.52
1150,936449,873.95,4.252,878.6610000000001,3.673,160,17,626,876.3055,3.9625
1151,937087,890.68,4.155,882.154,3.842,140,18,628,886.4169999999999,3.9985
