,timestamp,duration,gazepointX,gazepointY,avg_distance,avg_pupil
0,1456,160,272,254,833.0654999999999,4.0335
1,1735,120,264,240,830.106,3.9025
2,2732,199,663,205,836.4275,4.007
3,3330,180,361,662,824.2365,3.994
4,3529,120,364,657,827.938,4.0985
5,4028,479,397,736,825.7570000000001,3.9530000000000003
6,4765,459,294,648,827.5655,4.0995
7,5244,199,259,660,824.327,4.0445
8,5623,100,325,667,828.0415,4.019
9,6021,219,347,652,830.2265,3.9765
11,6839,179,322,650,811.1225,4.0855
12,7138,219,313,651,804.8824999999999,4.069
13,7377,139,319,661,805.121,3.9915000000000003
14,7637,120,338,666,811.1669999999999,3.9299999999999997
15,8055,179,319,656,811.292,3.968
16,8274,180,323,662,814.0545,4.023
17,8613,239,333,647,811.5075,4.07
18,8873,120,324,635,813.8389999999999,3.994
19,9012,100,327,659,817.156,4.04
20,9152,299,333,649,817.4639999999999,4.0504999999999995
21,9511,219,324,654,806.644,4.0565
22,10109,219,330,659,815.37,3.9835
23,10348,100,333,657,815.545,3.9905
24,11405,120,377,563,815.0295,3.8145
25,11863,140,345,609,817.8605,3.936
26,12122,160,377,619,815.1675,3.8795
27,13099,120,441,641,826.5935,3.9135
28,14156,100,369,799,819.7955000000001,3.867
29,14854,179,877,391,830.113,4.1015
30,15153,100,1121,804,828.998,4.143000000000001
31,15272,299,1111,809,829.4984999999999,4.042
32,15591,140,1148,798,828.335,4.0155
33,15751,100,1142,803,829.866,4.034
34,15950,140,875,974,826.5729999999999,4.17
35,16469,199,881,968,827.034,4.2955
36,16848,239,1129,823,826.925,4.1445
37,17246,180,986,809,826.729,4.111
38,17545,319,918,795,829.401,4.0745000000000005
39,17884,140,910,673,827.3969999999999,4.029999999999999
40,18044,239,923,696,829.9879999999999,4.023
41,18343,100,304,667,827.74,3.9944999999999995
42,18562,100,280,715,830.29,4.045999999999999
43,18742,100,343,654,829.5314999999999,4.0195
44,19001,120,367,683,829.0895,4.063
45,19180,140,887,671,828.25,4.034
46,19539,179,846,727,831.4454999999999,3.9805
47,19838,120,911,781,833.0799999999999,4.0995
48,19978,140,887,790,831.591,4.041
49,20257,160,378,546,831.4925000000001,3.9745
50,20536,120,371,552,831.732,4.034
51,20795,120,366,529,831.076,3.9275
52,21034,180,373,550,834.3969999999999,4.031000000000001
54,21692,120,364,544,831.4525,4.094
55,21832,100,368,529,832.366,4.0440000000000005
56,22570,160,297,706,831.4265,4.1080000000000005
57,22749,259,292,708,829.672,3.987
58,23088,419,309,661,829.3895,4.0040000000000004
59,23566,259,309,684,830.6624999999999,3.934
60,23846,279,305,687,831.172,3.9445
61,24145,359,378,725,832.2315000000001,4.0705
62,24922,319,401,746,830.2745,3.9555
63,26338,100,242,684,832.2774999999999,3.954
64,26457,140,236,667,831.057,3.9930000000000003
65,26677,259,220,657,830.749,3.9379999999999997
66,26956,439,256,656,831.8065,3.9270000000000005
67,27414,100,305,647,830.3354999999999,4.0355
68,27773,219,277,638,832.6670000000001,3.9064999999999994
69,28112,319,308,681,829.0709999999999,4.0085
70,28471,538,312,679,831.0525,4.0225
71,29109,140,350,677,830.28,3.9975000000000005
72,29269,239,355,683,829.4165,4.068
73,29548,140,188,272,829.7314999999999,4.051
74,30405,120,48,196,827.8919999999999,3.918
75,30804,100,295,213,830.027,3.98
76,31023,120,232,209,832.7345,3.9385
77,31402,100,308,215,831.685,4.02
78,31522,120,248,200,831.9479999999999,3.9335
79,32020,100,269,203,829.3275,4.103
80,32319,160,389,747,833.1089999999999,4.105
81,32897,140,401,711,832.196,4.007
82,33137,239,286,601,832.476,4.012
83,33436,259,357,820,832.4975,3.9290000000000003
84,34034,100,962,780,834.183,3.944
85,34392,219,885,805,836.5695000000001,4.0075
86,34731,239,862,680,832.9354999999999,3.9564999999999997
87,35030,100,844,660,835.2845,3.9145000000000003
88,35150,279,839,660,836.018,3.959
89,36307,199,833,635,836.0245,4.186999999999999
90,37284,120,963,651,832.3075,4.016
91,37483,239,1060,649,833.0055,4.048
92,37782,339,918,627,836.3765000000001,3.9935
94,39098,319,1027,511,832.7585,4.0445
95,39716,100,1061,534,833.8085,4.089
96,39875,139,848,696,836.1575,4.178
97,40095,160,798,688,834.1705,4.1555
98,40274,120,788,695,834.2594999999999,4.117
99,40434,558,765,693,833.94,4.197
100,41630,179,788,694,835.0035,4.1515
102,42088,219,754,600,834.4770000000001,4.0805
103,42487,120,689,659,832.0640000000001,4.018
104,43225,279,797,763,832.0635,4.1129999999999995
105,43863,100,783,663,830.789,4.050000000000001
106,44182,159,838,647,834.4860000000001,4.1055
107,44461,179,852,970,832.049,4.1274999999999995
108,45159,180,708,652,833.8744999999999,4.1434999999999995
109,45757,199,374,743,830.0165,3.9274999999999998
110,45976,100,417,727,830.952,3.9909999999999997
111,46196,140,356,797,832.1875,3.9695
112,47153,100,340,740,831.2245,4.0785
113,47272,359,361,792,832.2285,4.0095
114,47651,399,398,765,831.443,4.131
115,48070,199,411,724,832.5429999999999,4.1235
116,48289,179,411,722,828.8195000000001,3.9985
117,49346,120,349,730,831.7355,4.194
118,49485,199,354,719,832.1715,4.178
119,49844,120,373,643,830.238,4.2855
120,50083,140,371,722,830.039,4.175
121,50343,518,371,765,830.5635,4.185
122,50881,179,368,771,829.1535000000001,4.058
123,51100,419,366,766,829.629,4.058
124,51539,199,372,755,827.461,4.113
125,51778,239,424,702,830.2825,4.230499999999999
126,52037,199,471,688,826.6579999999999,4.203
127,52556,100,492,774,829.2660000000001,4.242
128,52994,120,330,831,825.736,4.0735
129,53393,100,296,699,833.7165,3.9459999999999997
130,53712,120,327,713,837.0855,3.94
131,53971,100,199,795,834.2815,4.032
132,54270,160,218,789,834.4575,3.9699999999999998
133,54649,140,269,603,833.0875,3.9610000000000003
134,54809,379,276,604,834.1005,4.006
136,56443,179,407,641,831.088,4.2035
137,56942,239,301,706,831.9365,4.156
138,57380,239,350,564,833.3845,4.134
139,58657,120,355,630,829.5609999999999,3.88
140,59295,139,308,613,830.7379999999999,3.891
141,59753,100,868,658,832.81,3.9065
142,60830,299,863,779,834.85,4.036
143,61189,179,927,758,833.8285000000001,4.0165
144,61448,100,992,763,832.7574999999999,4.0255
145,61926,379,787,740,833.2055,4.073499999999999
146,62764,160,243,205,832.4075,4.009
147,63063,259,61,202,826.326,3.955
148,63661,120,870,722,836.8085,4.2010000000000005
149,63980,120,788,749,834.5754999999999,4.2620000000000005
150,64119,339,965,718,834.0219999999999,4.266
151,64618,718,756,828,834.1525,4.255
152,65356,379,818,825,830.1625,4.2515
153,65754,279,747,745,832.8695,4.2364999999999995
154,66053,179,782,721,835.0395,4.224
155,66512,120,284,228,828.349,4.0585
156,67110,279,730,693,832.92,4.0135000000000005
157,67449,140,714,740,833.0315,4.202
158,67608,179,713,721,833.7925,4.297000000000001
159,68027,219,794,711,837.789,4.218500000000001
160,68266,339,822,733,833.097,4.2705
161,68665,179,813,976,832.0455,4.286
162,68864,179,821,975,831.3245000000001,4.1555
163,69084,179,767,764,830.165,4.167999999999999
164,69283,399,748,715,834.8225,4.166
166,70260,180,843,611,832.532,4.1215
167,70599,239,326,612,831.6395,4.2475000000000005
168,70978,159,372,608,833.134,4.1015
169,71157,100,318,598,832.255,3.9935
170,72154,379,313,616,829.2674999999999,3.9204999999999997
171,72573,120,369,638,833.1495,4.0634999999999994
172,73251,139,877,670,834.9875,4.0695
173,73410,140,875,732,833.7339999999999,4.029999999999999
174,73570,160,878,733,831.2114999999999,4.006
175,73749,180,884,770,832.6695000000001,4.0
176,73949,339,922,774,832.5225,4.108499999999999
177,74447,199,846,816,832.9545,4.0675
178,74686,180,763,827,832.2280000000001,4.009
179,74886,538,797,823,830.8505,4.0525
180,75544,140,802,828,834.1385,4.0165
181,75703,120,802,819,831.5995,3.9935
182,75843,180,710,735,831.374,3.9855
183,76102,139,739,720,834.006,4.0685
184,76261,100,743,730,834.0115000000001,4.015499999999999
185,76560,359,751,729,832.7669999999999,3.9939999999999998
186,77338,479,768,813,830.711,4.076499999999999
187,77896,558,742,807,829.1495,4.127
188,78474,179,756,765,829.81,4.0325
189,78674,179,781,724,829.899,4.0985
190,79172,259,340,606,829.2665,3.8885000000000005
191,79451,259,301,601,829.9404999999999,3.921
192,79750,100,366,615,827.88,3.9035
193,80468,140,721,755,831.0225,3.9575000000000005
194,81146,100,742,759,831.0595,4.054
195,81425,100,780,763,829.133,4.1415
196,81545,459,762,765,828.8125,4.046
197,82263,160,271,211,828.0175,3.915
198,82582,219,257,223,827.5550000000001,3.786
199,83439,160,474,205,832.031,3.9835000000000003
200,83857,160,232,189,828.7379999999999,4.0185
201,85074,120,605,211,835.6345000000001,4.052
202,85213,100,623,223,835.6514999999999,4.0015
203,85413,100,621,206,833.739,4.091
204,85831,100,505,252,834.0485,4.028499999999999
205,86011,299,322,599,832.5629999999999,4.143
206,86330,160,344,610,829.4225,4.0755
207,87107,160,645,220,833.4155000000001,4.006
208,87327,259,449,234,834.218,4.2055
209,88503,100,683,146,832.626,4.0775
210,89221,100,399,701,832.0889999999999,3.992
211,89440,140,442,642,829.744,3.9315
212,89918,160,427,614,830.604,4.182
213,90098,259,439,616,832.1904999999999,4.157
214,90377,119,443,614,834.8399999999999,4.186
215,90616,120,433,626,833.173,4.202500000000001
216,90816,219,349,611,831.3525,3.9734999999999996
217,91155,199,449,609,834.1965,4.1045
218,91414,120,454,610,834.2945,4.141500000000001
219,91653,120,364,618,832.9935,4.0685
220,91813,179,396,612,833.943,4.016
221,92072,179,349,628,834.1185,4.037
222,92271,100,344,612,834.7735,4.0045
223,92550,120,779,786,834.0485,4.004
224,92889,140,723,771,834.537,4.0104999999999995
225,93049,100,720,771,835.3399999999999,3.9929999999999994
226,93188,139,777,769,835.2070000000001,3.9945000000000004
227,93368,179,827,824,835.4205,3.9604999999999997
228,93607,120,928,763,834.4725000000001,4.0145
229,94046,100,856,645,836.0425,4.035
230,94165,319,870,630,834.462,4.0665
231,94903,120,792,622,835.8155,4.137
232,95581,140,441,222,833.635,4.0625
233,96139,100,253,229,826.518,3.857
234,96677,100,248,232,827.623,3.929
235,97774,100,366,518,829.844,3.8964999999999996
236,98372,120,340,521,830.388,3.9495
237,98831,199,386,718,832.7249999999999,4.069
238,99050,219,389,752,829.52,4.13
239,99289,419,359,755,831.605,4.2565
240,99748,180,831,683,832.1645,4.1705
241,99947,100,781,712,835.4010000000001,4.1434999999999995
242,100346,279,921,666,835.4385,4.1775
243,100725,219,901,668,830.9355,4.1194999999999995
244,100964,180,1086,668,833.6185,4.0405
245,101163,100,1069,664,832.0160000000001,4.052
246,101622,120,1008,655,829.5525,4.0715
247,101861,199,1091,613,831.8240000000001,4.0785
248,102280,180,1046,642,830.287,4.125
249,102479,219,1044,647,831.2905,4.218
250,102718,199,1161,595,833.4884999999999,4.282
252,103157,179,1146,594,832.5989999999999,4.233499999999999
253,103356,140,1145,627,829.9885,4.219
254,103655,259,950,691,834.1485,4.1325
255,104134,199,1114,596,831.4995,4.133
256,104612,180,916,667,832.233,4.179
257,104872,160,908,675,829.4760000000001,4.0865
258,105111,179,1050,694,829.701,4.0200000000000005
259,105609,100,890,656,833.3965000000001,4.0424999999999995
260,105928,159,1020,618,831.076,4.1125
261,106347,578,1126,599,830.764,4.0755
262,107045,299,925,664,833.1015,4.017
263,107364,140,1022,688,831.9655,4.048
264,107543,279,1022,678,831.118,4.0695
265,108042,239,384,722,834.3955,4.127000000000001
266,108600,140,360,755,828.3865000000001,4.0329999999999995
267,108759,120,358,760,829.893,4.15
268,108959,120,355,758,830.2840000000001,4.038
269,109537,199,260,222,826.1285,4.002
270,110813,160,497,740,830.3775,4.1419999999999995
271,111132,259,1012,689,829.482,4.063
272,111431,279,1009,685,832.613,4.035
273,111949,120,1019,675,833.296,4.1235
274,112089,120,1014,667,832.3325,4.195
275,112229,299,1023,676,830.3505,4.320500000000001
276,112548,259,1027,686,831.947,4.476
277,112906,259,1037,700,834.0944999999999,4.481
278,113305,259,1124,699,832.0989999999999,4.4145
279,113584,179,1155,708,829.7675,4.3635
280,113784,180,1201,690,831.984,4.3615
281,114043,179,1198,685,831.8705,4.1884999999999994
282,114242,219,1160,694,833.386,4.1435
283,114601,199,1222,632,832.345,4.192
284,115000,100,1156,633,831.8105,4.137
285,115618,120,1215,671,828.4190000000001,4.0735
286,115957,200,1206,737,832.3495,4.2015
287,116794,100,535,225,834.904,4.0405
288,117412,140,630,241,834.692,4.1530000000000005
289,117771,100,612,220,835.8130000000001,4.18
290,118030,140,608,233,833.7919999999999,4.186
291,119685,140,306,264,831.298,4.1515
292,120423,239,364,739,832.541,4.2125
293,121599,479,329,803,829.365,4.1979999999999995
294,122117,339,425,878,830.8855,4.18
295,122696,299,345,732,829.62,4.3100000000000005
296,123015,159,327,731,829.653,4.256
297,123214,239,327,730,831.156,4.2165
298,123613,139,318,732,830.129,4.1545000000000005
299,123892,478,228,847,829.647,4.093999999999999
300,124390,120,250,868,829.365,4.0335
301,124570,379,286,840,824.9655,4.0600000000000005
302,124989,259,251,835,828.0305000000001,4.107
303,125407,239,994,751,830.184,4.0475
304,125666,1475,964,762,831.235,4.0575
305,127182,100,1110,754,832.192,4.390499999999999
306,127301,199,1108,752,831.096,4.3465
307,127800,199,1079,827,831.8715,4.2989999999999995
308,128159,179,879,806,829.6514999999999,4.263
309,128557,199,1014,790,832.4960000000001,4.214499999999999
310,129255,179,56,263,824.92,3.99
311,129455,140,63,242,824.935,4.0809999999999995
312,129674,100,283,253,825.122,4.0649999999999995
313,130471,100,251,851,829.216,3.9915
314,130611,279,234,834,830.258,4.063
315,130910,379,240,837,829.3495,4.0595
316,131309,419,237,841,827.622,4.132
317,131767,160,346,814,828.2925,4.177
318,131947,179,374,808,829.362,4.177
319,132405,219,332,855,826.0495,4.1625
320,132944,478,544,825,823.7185000000001,4.177
321,133442,179,557,768,830.629,4.186999999999999
322,133661,279,487,789,830.8785,4.115
323,134040,100,442,824,825.3209999999999,4.024
324,134240,179,985,819,831.8125,4.022
325,134439,219,980,801,830.8004999999999,4.013
326,134738,120,947,802,830.7695,4.039
327,134878,199,947,785,830.0625,4.0495
328,135256,299,952,795,832.23,4.1405
329,135575,439,949,792,832.015,4.207000000000001
330,136034,120,952,790,831.8264999999999,4.353
331,136173,160,950,793,832.129,4.324999999999999
332,136433,120,985,730,830.5965,4.269500000000001
333,136632,319,1022,722,831.479,4.3375
334,136991,120,1025,727,828.788,4.1930000000000005
335,137131,179,1142,787,829.007,4.1775
336,137430,299,1114,772,830.065,4.1825
337,137749,159,1077,903,828.756,4.1465
338,137928,179,983,951,828.5799999999999,4.204000000000001
339,138227,100,1018,945,830.0435,4.239
340,138765,339,1068,819,829.3675000000001,4.22
341,139124,379,903,770,832.6395,4.369
342,139682,120,932,683,829.412,4.2204999999999995
343,139842,359,803,766,831.6959999999999,4.2090000000000005
344,140261,239,993,723,831.1205,4.1475
345,140540,199,1075,705,830.053,4.0905000000000005
346,140879,160,952,781,829.554,4.0515
347,141078,259,1027,771,829.2869999999999,4.077
348,141417,140,452,788,830.1424999999999,4.0975
349,141577,359,501,783,830.6355000000001,4.005
351,143112,120,1006,710,808.6120000000001,3.9935
352,143351,160,940,692,809.03,4.0705
353,143650,239,884,692,814.763,4.0785
355,144168,219,808,761,812.1795,4.0225
356,144946,140,242,226,810.2520000000001,3.901
357,145624,160,203,905,826.3665000000001,3.983
358,145823,279,251,810,827.479,4.0455000000000005
359,146142,159,255,813,829.5554999999999,4.187
360,146322,219,295,832,830.5815,4.2295
361,146561,160,355,845,829.262,4.2225
362,146860,120,258,849,827.1555000000001,4.1690000000000005
363,147239,100,692,724,832.2660000000001,4.272
364,147598,179,768,976,832.2555,4.362
365,147797,319,860,966,830.4665,4.302
366,148176,100,706,710,832.9235,4.309
367,148335,239,737,705,833.3855000000001,4.3335
368,148595,140,770,717,821.001,4.380000000000001
369,148754,120,965,751,814.5619999999999,4.421
372,150189,140,989,744,812.1034999999999,4.649
373,150349,319,1092,683,817.5435,4.6
374,150987,180,241,861,822.518,4.4559999999999995
375,151186,239,269,833,825.951,4.4265
376,151486,419,266,840,826.4075,4.309
377,151924,100,339,756,827.414,4.388999999999999
378,152044,339,339,754,829.5079999999999,4.3275
379,152482,199,267,758,829.1655000000001,4.323
380,152722,139,205,772,829.3495,4.2515
381,152881,100,198,763,829.268,4.2005
382,153041,120,296,767,829.8534999999999,4.2185
383,153180,100,309,775,828.9395,4.205
384,153300,120,374,814,830.511,4.123
385,153439,120,372,816,831.0264999999999,4.0645
386,153579,239,440,820,831.1275,4.1065
387,154037,120,1122,692,832.0264999999999,4.002000000000001
388,154177,100,1186,717,831.4285,3.944
389,154536,120,1079,681,832.9594999999999,4.0555
390,154875,319,248,740,829.4365,4.0675
391,155274,199,304,758,830.0025,3.949
392,155493,199,345,760,832.2919999999999,4.063000000000001
393,155712,140,340,751,832.451,4.018
395,156071,120,262,788,827.4195000000001,4.155
396,156211,299,345,770,829.978,4.1345
397,156570,140,267,876,826.911,4.085
398,157068,100,1165,786,835.17,4.134
399,157227,120,1082,766,834.5225,4.1295
400,157387,279,1090,781,832.567,4.0855
401,157806,160,1167,758,821.6865,4.125
402,157985,159,1154,762,811.4024999999999,4.1865
403,158184,160,1168,713,807.411,4.1695
404,158663,120,348,256,809.0074999999999,4.0405
405,158962,100,266,245,806.861,3.9830000000000005
406,159381,100,590,244,824.3855000000001,4.2075
407,160158,199,616,251,842.922,4.422000000000001
408,160378,120,603,252,843.6935000000001,4.2915
409,160776,100,620,258,843.52,4.2669999999999995
410,161713,120,1173,776,843.0375,4.1385000000000005
411,161913,159,1196,765,844.5360000000001,4.0280000000000005
412,162192,299,766,717,843.9860000000001,4.18
413,163468,159,69,235,839.389,3.9915
414,163807,120,46,234,839.105,4.0405
415,164265,159,65,235,836.081,4.0085
416,164923,120,415,878,843.972,4.0535
417,165103,299,280,862,841.185,4.143000000000001
418,165541,100,230,813,838.1365000000001,3.9305
419,165701,199,236,814,837.87,3.9585
420,166199,199,221,811,838.0015000000001,3.8785
421,167097,120,508,270,845.5105,3.947
422,167515,199,865,713,845.076,4.051
423,167914,100,899,547,844.108,3.96
424,168412,159,830,594,842.5525,4.0095
425,168652,199,720,527,845.8685,4.1025
426,169150,140,860,491,843.3444999999999,4.007
427,169310,160,844,490,845.961,4.105
428,169589,199,814,505,845.6959999999999,4.083
429,170386,139,258,245,840.8050000000001,3.805
430,171004,199,45,263,838.4235,3.8994999999999997
432,172639,140,375,729,840.316,3.9925
434,173158,120,384,763,839.0070000000001,4.0205
435,174174,120,288,874,838.6785,3.979
436,174414,339,238,826,840.1614999999999,4.0015
437,175012,160,215,821,840.4870000000001,4.090999999999999
438,175570,120,260,761,837.433,4.132000000000001
439,175729,120,243,757,839.114,4.059
440,175989,179,241,745,836.905,4.148
441,176188,120,247,745,837.3315,4.0205
442,176527,140,329,795,837.113,4.0714999999999995
443,176766,299,518,802,837.953,4.1114999999999995
444,177085,279,486,799,838.4594999999999,3.9925
445,177404,140,566,853,840.6879999999999,3.974
446,177584,100,1068,746,839.9300000000001,3.986
447,177863,180,1089,684,841.4175,3.9695
448,178062,120,1182,729,843.6895,3.9405
449,178620,160,1117,766,841.5695,4.118
450,178820,160,1072,775,841.605,4.1485
451,179159,100,126,313,837.2384999999999,4.191
452,179557,100,65,269,837.5105,4.157
453,180196,159,582,275,846.1605,4.2385
454,181392,139,256,300,839.2144999999999,4.0745000000000005
455,182109,219,274,288,840.746,4.160500000000001
456,183445,100,617,263,846.804,4.234999999999999
457,185658,120,215,703,842.106,4.1685
458,185798,120,187,698,841.021,4.1525
459,186157,179,401,710,840.5360000000001,4.1815
460,186456,219,391,754,841.0735,4.139
461,187333,199,392,763,839.566,3.9815
463,187891,120,491,716,841.067,4.054
464,188330,279,412,664,843.2270000000001,4.1235
465,188789,140,306,682,841.2185,3.9045000000000005
466,189945,100,907,574,842.954,4.1129999999999995
467,190762,140,905,594,844.7185,4.18
469,191540,219,1063,547,839.306,4.101999999999999
470,191879,140,1058,532,840.9469999999999,4.093
471,194650,279,483,796,839.0655,4.0785
472,195009,179,499,782,838.832,4.1135
473,195428,179,269,841,819.385,4.1505
474,195647,100,271,850,814.3375,4.207
475,195767,120,249,830,813.8935000000001,4.336
476,196803,339,1154,750,813.6875,4.2935
477,197162,140,1156,749,815.018,4.1465
478,197322,219,1049,698,815.3019999999999,4.237
479,197601,219,977,751,814.132,4.3345
480,197840,279,1161,794,812.7655,4.369
481,198159,140,1165,789,824.667,4.484
482,198658,180,1182,745,839.519,4.484999999999999
483,198877,199,1102,702,841.0415,4.589499999999999
484,199196,199,1038,963,842.4830000000001,4.4875
485,199455,279,835,722,845.768,4.436
486,199754,379,840,723,844.424,4.459
487,200213,219,837,747,844.514,4.323
488,200452,180,507,807,847.836,4.2645
489,200771,199,476,789,845.5785000000001,4.2615
490,200990,279,565,857,846.11,4.186
491,201449,140,893,713,846.7555,4.1145
492,201608,140,900,705,848.0,4.109
493,201907,140,991,669,847.9215,4.1485
494,202147,199,1041,696,846.934,4.223
495,202506,160,962,636,846.6779999999999,4.1754999999999995
496,202745,179,233,833,845.6434999999999,4.1505
497,202944,100,253,819,841.7055,4.0875
498,203064,259,249,824,843.835,4.0495
499,203343,279,213,813,843.271,3.9875
500,203762,359,216,820,843.4815000000001,3.9665
501,204140,140,262,728,841.2435,4.1065
502,204958,159,321,794,841.5185000000001,4.0805
503,205337,140,331,776,841.9849999999999,4.175000000000001
505,205795,239,988,724,847.7185000000001,4.163
506,206054,100,963,731,847.143,4.0935
507,206334,100,838,709,848.457,4.2215
508,206653,279,863,731,855.38,4.213
509,206952,239,828,741,852.8395,4.2165
510,207231,279,826,744,848.741,4.1175
511,208008,100,347,743,846.03,4.1465
512,208507,100,361,738,846.6805,4.0735
513,208826,140,911,677,848.537,4.156000000000001
514,210301,498,326,784,844.5260000000001,4.0169999999999995
515,210979,100,980,699,852.535,4.1875
516,211597,219,1014,736,849.876,4.134
517,212215,100,264,297,842.692,3.9760000000000004
518,212375,100,290,309,845.4595,3.9675000000000002
519,213411,140,620,286,848.7135,4.217
520,215884,120,1281,194,844.3810000000001,4.395
521,216063,160,1281,189,841.134,4.3149999999999995
522,218735,100,375,207,845.944,4.1895
523,219074,120,1096,711,848.0745,4.378500000000001
524,219273,140,1173,744,847.1195,4.218
525,219771,120,1107,672,846.8775,4.186
526,220051,120,1081,783,849.1905,4.185499999999999
527,220649,140,280,288,844.3995,4.287
528,220828,100,279,247,847.211,4.14
529,221247,140,285,212,844.7895,4.2225
530,221705,140,332,796,842.4045000000001,4.217
531,221865,120,524,823,843.673,4.263
532,222064,219,528,775,845.4725000000001,4.1964999999999995
533,222363,160,500,788,846.2875,4.132
534,222822,279,271,840,841.3634999999999,4.029999999999999
535,223201,120,941,753,848.4290000000001,4.1
536,223340,160,965,716,849.2260000000001,4.0440000000000005
537,223599,100,827,675,848.376,4.1305
538,224357,120,989,838,846.8175,4.161
539,224536,120,994,840,846.7245,4.24
540,224696,479,1014,822,846.801,4.147
541,225194,179,1009,818,846.752,4.2875
542,225394,120,998,823,847.3394999999999,4.3185
543,225533,239,995,818,846.7165,4.2625
544,225813,179,931,801,846.4514999999999,4.3145
545,226032,279,909,787,847.2914999999999,4.2555000000000005
546,226431,140,870,862,845.0485,4.153499999999999
547,226610,259,953,861,844.78,4.1145
548,227088,100,966,844,844.634,4.167
549,227208,120,961,843,844.1225,4.115
550,227607,239,858,801,840.7815,4.12
551,227866,100,865,774,844.4005000000001,4.1295
552,228105,199,911,784,843.3375000000001,4.105499999999999
553,228364,180,1294,542,847.0184999999999,4.02
554,228763,100,1281,460,846.4794999999999,4.0649999999999995
555,229142,199,295,290,843.7355,4.1375
556,229760,140,933,886,847.7365,4.2915
557,230099,259,954,875,848.8615,4.362
558,230378,120,951,877,847.9865,4.352
559,230578,279,984,867,845.7429999999999,4.239
560,231554,140,481,828,848.2315,4.221
561,231734,160,466,822,844.9305,4.304
562,233608,140,1157,788,848.757,4.177
563,233867,100,1124,690,847.441,4.157
564,234067,100,1170,706,847.4795,4.16
565,234206,140,1161,707,847.409,4.093
566,236698,100,628,207,846.5435,4.218
567,236898,100,461,219,850.1804999999999,4.292
568,237097,100,526,252,851.6155000000001,4.391
569,237875,100,263,216,840.443,4.2115
570,238154,100,65,228,832.2215,4.2215
571,238273,100,62,217,828.5915,4.2305
572,238552,100,361,562,836.9884999999999,4.231999999999999
573,238951,180,406,725,836.724,4.3694999999999995
574,239370,100,219,199,832.3495,4.1765
575,239569,199,270,244,835.296,4.208
576,240467,160,386,771,843.4069999999999,4.4030000000000005
577,240706,100,382,666,845.9255,4.295
578,240825,100,384,681,844.2295,4.311
579,241085,140,367,689,843.8805,4.3255
580,241643,140,946,571,847.3035,4.122999999999999
581,242062,100,940,507,849.9469999999999,4.11
582,243756,100,872,486,850.435,4.0475
583,244095,199,898,487,849.9745,4.0415
584,244992,120,448,199,845.935,4.007
585,245491,120,447,248,848.6959999999999,4.170999999999999
586,247245,100,254,210,854.288,4.0915
587,247943,100,46,219,848.61,3.8835
588,248362,160,433,251,855.4295,4.0520000000000005
589,249159,179,382,716,852.3295,4.2285
590,249658,140,303,756,852.2975,4.094
591,250076,179,279,752,852.25,4.1055
592,250455,179,278,748,851.348,4.0295000000000005
593,250754,100,269,751,851.972,4.0735
594,251213,120,255,745,850.948,3.9539999999999997
595,251372,239,272,745,851.013,3.9885
597,252349,100,286,744,850.4405,4.2540000000000004
598,252469,159,289,749,849.2829999999999,4.2635000000000005
599,252648,140,295,748,848.2494999999999,4.271
600,252908,100,221,733,849.3915,4.1385
601,253047,239,207,728,848.373,4.2204999999999995
602,253306,180,209,778,849.141,4.0895
603,253625,120,184,713,848.4395,4.0205
604,254702,179,234,760,851.111,4.173
605,255200,180,247,769,850.808,4.2415
606,255499,179,280,719,849.6645,4.12
607,256058,140,386,742,849.2845,4.241
608,257114,100,753,717,854.028,3.9885
609,257732,160,741,714,855.734,4.034
610,258012,100,1013,749,853.9355,4.1365
611,258251,120,1030,748,854.549,4.0625
612,258390,299,856,620,852.299,4.1635
613,258729,239,843,636,853.5655,4.241
614,259407,120,934,533,851.1515,4.1419999999999995
615,261182,140,817,513,855.469,4.152
617,262238,140,706,532,855.392,4.295
618,263375,179,792,584,853.727,4.2585
619,264192,120,916,635,853.5525,4.189
620,264571,120,842,557,854.8485000000001,4.322
621,264970,100,875,545,853.1485,4.1825
622,265149,120,863,532,855.548,4.071
623,265628,120,721,559,855.9405,4.2
624,265887,160,704,523,854.746,4.242
625,266485,199,910,650,852.8225,4.2524999999999995
626,267083,159,876,516,854.1085,4.157
627,267781,199,922,665,852.978,4.1725
628,268678,100,916,688,854.74,4.082
629,269356,120,711,549,855.0445,4.271
630,269516,159,708,548,854.4105,4.2
631,270094,100,855,553,854.601,4.2955000000000005
632,270293,140,852,525,853.6555,4.090999999999999
633,271888,100,910,583,853.098,4.0685
634,272705,120,928,596,853.0260000000001,4.0015
635,273044,100,1043,695,849.482,4.136
636,273383,140,1112,820,850.608,4.256
637,273961,180,1094,838,851.335,4.3065
638,274181,140,1092,838,850.5250000000001,4.2604999999999995
639,274360,100,1138,755,850.2115,4.207
640,274480,299,1122,708,852.679,4.247
641,274879,100,1128,766,851.2715000000001,4.1205
642,275158,100,1153,779,852.004,4.1365
643,275556,160,709,409,854.298,4.166
644,276434,239,1105,829,851.732,4.1215
645,276832,100,1084,832,851.202,4.323
646,276972,160,1099,825,852.232,4.3134999999999994
647,277431,199,1097,840,852.9655,4.2844999999999995
648,278727,299,1056,786,851.215,4.138999999999999
649,279444,279,1039,765,855.7825,4.217499999999999
650,279843,100,1043,775,852.921,4.319
651,280162,160,1055,765,853.2940000000001,4.3725
652,280362,159,921,825,853.6410000000001,4.449
653,280780,120,989,845,854.5084999999999,4.3155
654,281039,219,803,864,851.275,4.2925
655,281318,199,986,801,855.756,4.2385
656,281558,100,968,811,854.4755,4.1655
657,281857,160,1093,787,852.5125,4.1645
658,282076,120,982,727,852.8305,4.04
659,282335,179,990,711,854.4265,4.068
660,283950,339,967,695,854.5504999999999,4.16
661,284508,100,968,696,855.556,4.242
662,284728,120,1022,863,854.696,4.151
663,284867,160,1012,857,852.616,4.143
664,285306,100,1098,608,850.5699999999999,4.1665
665,285924,100,925,609,853.8544999999999,4.2035
666,287459,140,242,232,851.44,3.9415000000000004
667,288357,120,880,530,855.2125000000001,4.1455
668,288855,120,882,523,855.4245000000001,4.252
669,289094,199,790,620,855.2655,4.2065
670,289413,100,759,642,853.1769999999999,4.2684999999999995
671,289612,160,768,631,854.1925,4.2255
672,290031,100,849,581,852.952,4.1545000000000005
673,290550,120,862,529,855.4415,4.2595
674,291008,160,787,683,856.0725,4.2095
675,291347,120,792,691,856.035,4.2175
676,293321,299,361,722,849.8834999999999,4.016
677,293700,100,353,709,851.712,3.9475
678,296032,100,78,238,847.29,3.8875
679,296411,120,441,746,854.2625,4.0485
680,296650,120,458,706,855.372,4.0125
681,299521,159,940,531,854.424,4.2805
682,300618,100,821,707,852.1659999999999,4.031499999999999
683,301116,160,830,727,854.2294999999999,4.0945
684,301296,160,897,724,854.611,4.05
685,301615,239,842,722,854.6575,3.9799999999999995
686,302313,140,748,643,856.759,4.058
687,302472,219,757,756,857.246,4.0075
688,303628,120,784,639,854.5794999999999,4.0634999999999994
689,303888,160,939,717,852.769,4.0425
690,304346,100,371,705,851.7115,3.9555
691,304486,120,355,694,851.083,3.985
692,304625,179,319,655,849.8344999999999,3.929
693,305084,179,224,731,852.2995,3.735
694,306918,160,329,817,851.985,3.9770000000000003
695,307756,120,1094,772,854.6465000000001,3.8975
696,308453,140,1097,638,851.2215000000001,3.9625
697,309071,219,1007,917,853.5435,3.9160000000000004
698,309311,140,985,912,853.504,3.9225
699,309909,100,290,265,848.435,3.9335
700,310347,100,79,227,849.785,3.7960000000000003
701,311165,180,427,618,855.413,4.085
702,311424,160,366,667,853.4245000000001,4.143000000000001
703,311723,100,374,746,853.7955,4.1485
704,314415,120,384,688,852.6255000000001,4.2345
705,315073,120,420,666,853.2995000000001,4.2165
706,316588,100,794,700,858.6785,4.2855
707,316747,120,846,724,858.3085,4.2245
708,317445,100,383,680,854.5225,4.1575
709,317944,179,822,736,857.423,4.098
710,318183,239,1003,527,858.162,4.1605
711,319439,100,861,720,857.8935,4.239
712,319918,120,828,729,856.223,4.088
713,320496,140,718,624,859.0135,4.3485
715,322629,100,688,715,858.105,4.0415
716,322848,120,171,279,855.188,4.037000000000001
717,323686,179,76,240,851.965,3.855
718,324742,100,359,701,855.2035,4.061999999999999
719,325101,120,301,730,855.9385,4.0760000000000005
720,325679,100,457,692,855.7705000000001,4.0055
722,326596,100,483,670,864.7510000000001,4.0035
723,327414,120,730,671,859.2335,3.9705000000000004
724,327853,140,742,672,856.7705,3.9465000000000003
725,329846,100,226,222,853.4549999999999,3.824
726,331042,140,703,756,861.202,4.1645
727,332339,120,796,682,859.479,4.292
728,332578,140,841,726,857.78,4.117
729,332737,199,891,731,856.1034999999999,4.156000000000001
730,332977,199,817,758,856.8695,4.136
731,333236,100,814,754,857.197,4.064
732,333435,120,797,770,856.02,4.011
733,333674,140,801,771,856.0274999999999,4.0794999999999995
734,334093,120,794,801,855.6205,4.172499999999999
735,334252,120,799,766,854.27,4.0445
736,335050,159,748,652,860.887,4.0169999999999995
737,335389,120,729,671,860.223,4.0145
739,335927,100,710,619,857.3389999999999,3.9805
740,336924,179,798,543,858.5055,4.1235
741,338559,199,754,662,859.5515,3.9075
742,339137,100,777,670,857.3115,3.967
743,339376,120,787,650,856.4335,3.9604999999999997
744,339676,140,793,680,857.5425,3.9915000000000003
745,340174,119,800,646,856.597,4.0455
746,340353,100,856,576,856.7145,4.0525
747,341709,120,821,657,829.5815,3.9175
749,342666,219,502,718,819.029,4.2825
750,342925,159,390,704,819.6075000000001,4.128
751,343105,279,512,718,817.095,4.1955
752,343404,618,391,733,813.0325,4.2085
753,344042,160,381,676,811.5754999999999,4.149
754,345497,100,768,679,864.5135,4.241999999999999
756,347052,179,380,745,857.0274999999999,4.1485
757,347371,100,412,253,858.634,4.0235
758,347491,140,410,245,862.252,4.128
759,347670,179,262,234,862.1220000000001,4.1215
760,353552,100,211,699,839.443,4.2725
762,355007,100,707,756,853.4255,4.189
764,356084,199,734,744,853.2315000000001,4.333
765,356323,140,733,742,852.5905,4.245
766,356543,120,696,716,850.4405,4.242
767,357001,120,941,797,850.5385000000001,4.3035
768,357320,139,1058,803,848.5070000000001,4.122
769,357480,100,1064,779,847.534,4.1515
770,357839,120,1045,824,848.356,4.072
771,358098,219,863,851,848.0585,4.032
772,358457,160,1000,921,847.2429999999999,4.12
773,358696,160,712,772,845.6524999999999,4.0395
774,359374,140,1066,678,848.396,4.0385
775,359972,120,411,515,849.153,4.0225
776,360191,100,204,253,844.364,3.9855
777,360909,100,293,266,846.097,3.8960000000000004
778,361029,159,301,278,845.6959999999999,3.9370000000000003
779,361268,100,380,762,849.133,3.9400000000000004
780,361427,120,383,804,846.0295,3.9480000000000004
781,361607,180,312,820,847.4695,3.912
782,361806,180,296,832,846.095,4.0
783,362265,100,397,681,847.2355,3.9094999999999995
784,362384,100,409,688,849.1845,4.0335
785,362783,179,447,702,849.1295,4.117
786,363082,120,283,787,845.662,4.1535
787,363401,239,266,755,844.2194999999999,4.1185
788,363880,219,415,782,847.8119999999999,4.134
789,364199,100,420,791,846.0405000000001,4.0635
790,364518,120,390,800,843.8525,3.998
791,365016,120,391,792,845.6065000000001,4.0125
792,365455,179,493,753,847.038,3.9835
793,365754,100,512,746,848.603,4.0280000000000005
794,366152,180,372,860,846.1659999999999,3.8735
795,366850,179,1090,644,849.471,3.928
796,367149,179,1086,634,847.1889999999999,3.951
797,367448,100,1067,648,847.3955000000001,3.9525
798,368106,139,1083,644,847.2035000000001,4.1315
799,368386,100,1071,562,847.091,4.0665000000000004
800,368665,199,1067,545,848.7745,4.139
801,369183,239,1132,551,846.3995,4.048500000000001
802,369542,279,1090,626,846.235,4.108
803,369881,160,1134,630,846.194,4.1285
804,370299,120,1165,707,847.756,4.135999999999999
805,370559,179,1162,756,847.7585000000001,4.1
806,370798,120,1182,697,848.7305000000001,4.0889999999999995
807,371037,140,1135,696,848.3330000000001,3.955
808,371197,120,1103,695,846.469,4.0045
809,371356,100,1101,690,847.9559999999999,4.066
810,371476,199,1096,686,848.1115,3.992
811,372194,159,262,302,850.4075,4.0685
812,373031,239,1080,685,848.719,4.1845
813,373629,180,1099,723,848.1260000000001,4.1905
814,373988,160,1160,755,848.543,4.1465
815,374327,140,1149,575,848.462,4.161
816,374965,140,1232,630,849.664,4.042
817,375124,100,1243,643,849.9254999999999,3.979
818,375463,120,406,763,846.375,4.137
819,375782,100,404,775,836.6869999999999,4.196
820,376979,179,527,767,839.5739999999998,4.4395
821,377258,279,431,786,837.6610000000001,4.4955
822,379311,100,610,253,828.989,4.529999999999999
823,379830,120,612,281,843.9665,4.2295
824,381225,239,590,260,851.2669999999999,4.3870000000000005
825,383020,120,245,271,843.1235,4.046
826,383259,100,75,263,841.7835,3.9285
827,385751,100,239,276,842.613,4.1259999999999994
828,385911,120,251,270,844.557,4.077999999999999
829,386648,140,54,271,838.4169999999999,3.8515
830,386987,299,484,737,841.1285,4.0504999999999995
831,387605,219,343,733,845.7255,4.0555
832,387984,100,341,731,840.8129999999999,4.1595
833,388144,279,277,760,839.8109999999999,4.1105
834,388702,259,241,787,839.7195,4.183
835,388981,139,291,841,839.8050000000001,4.1395
836,389380,100,242,860,838.556,4.171
837,389699,219,292,842,837.6635,4.0995
838,390237,180,299,843,838.6845000000001,4.036
839,390456,100,314,856,839.57,4.1205
842,391334,120,217,855,841.8979999999999,4.252
844,392291,319,1121,686,845.0554999999999,4.1705
845,392749,199,1209,689,843.7335,4.2295
846,392988,120,1067,693,843.707,4.2765
847,393148,179,1073,693,841.169,4.297499999999999
848,393387,120,1095,605,842.1080000000001,4.366999999999999
849,393646,120,1059,605,843.6905,4.372
850,393826,100,1064,624,844.4285,4.2465
851,394364,140,1203,603,843.9214999999999,4.261
852,395122,199,75,288,838.6610000000001,4.172499999999999
853,395580,160,288,297,842.1655,4.218
854,396378,140,1225,614,846.4875,4.0815
855,396836,100,1054,581,843.7820000000002,4.108499999999999
856,397016,399,1071,592,843.3654999999999,4.1705
857,397534,120,1082,597,842.0809999999999,4.177
858,398112,179,1127,625,843.6535,4.1535
859,398372,140,1172,660,843.628,4.2775
860,398651,140,1179,740,844.0004999999999,4.253
861,398910,179,1172,787,843.3435000000001,4.2615
862,399209,140,1210,768,843.097,4.1395
863,399408,279,1035,713,843.9639999999999,4.1745
864,399907,120,1034,742,843.1120000000001,4.1315
865,400046,140,1025,752,842.768,4.167
866,400963,160,1165,628,845.3304999999999,4.1925
867,401243,100,1215,671,844.0355000000001,4.208
868,401442,100,1209,666,843.4235000000001,4.175
869,401562,179,1173,635,843.6045,4.305999999999999
870,401761,159,1199,637,843.7595,4.2725
871,401940,140,1210,641,842.6965,4.266
872,402259,120,1222,627,842.05,4.2379999999999995
873,403794,200,255,285,847.0425,3.9620000000000006
874,405210,180,1027,619,847.0895,4.205
875,405529,100,1048,717,846.6959999999999,4.245
876,405689,239,1106,605,845.1954999999999,4.2515
877,405948,120,1086,622,844.875,4.2170000000000005
878,406107,160,1102,617,844.6490000000001,4.32
879,406287,299,1142,603,845.1595,4.2325
880,406785,100,1042,615,845.049,4.228
881,406925,100,1057,613,841.2565,4.2125
882,407383,100,1083,629,843.7875,4.138999999999999
883,407622,299,1117,699,845.491,4.208
884,407941,120,1083,777,845.9665,4.2205
885,408440,120,1033,808,847.336,4.1899999999999995
886,409078,219,1041,711,849.8565000000001,4.1565
887,409696,180,1017,703,843.9275,4.1445
888,409995,160,1054,635,845.938,4.1395
889,410394,159,973,720,845.2145,4.1425
890,410972,120,1179,714,845.5414999999999,4.2575
891,411171,120,1041,741,846.0239999999999,4.2605
892,411710,160,1093,623,844.1345,4.4285
893,412069,120,1205,627,848.6695000000001,4.292
894,412368,120,1135,584,847.8675,4.265
895,412766,199,1111,774,847.953,4.327
896,412986,160,1114,780,845.5355,4.3405000000000005
897,413185,160,991,753,846.8525,4.2725
898,413982,120,988,656,847.9585000000001,4.1715
899,414222,120,979,654,847.4955,4.1125
900,414820,219,1130,806,846.682,4.140000000000001
901,415318,140,956,669,846.8020000000001,4.148
902,415498,140,955,667,849.1405,4.214
904,415956,120,956,654,847.971,4.3100000000000005
905,416156,200,942,658,850.4825000000001,4.2085
906,416455,140,944,678,849.4595,4.322000000000001
907,417212,120,954,520,831.5505,4.349
911,418169,180,933,535,825.7235000000001,4.237
912,418369,199,929,542,825.11,4.1805
913,418588,160,942,527,826.9815,4.1635
914,418908,219,930,555,829.6080000000001,4.3065
915,419944,239,1074,564,840.1985,4.2764999999999995
916,420383,140,1025,589,840.996,4.364
917,420562,180,1028,598,841.2239999999999,4.3325
918,420801,159,1009,614,842.0085,4.299
919,421001,319,964,620,842.8575000000001,4.250500000000001
920,421379,199,994,602,845.3255,4.1445
921,421639,139,907,722,842.1425,4.117
922,421798,160,942,790,843.078,4.0525
923,422017,259,861,852,842.1465000000001,4.0805
924,422336,180,994,908,844.6859999999999,4.109999999999999
925,422735,100,686,763,846.2484999999999,4.060499999999999
926,422855,219,716,769,846.4325,4.0615000000000006
927,423174,140,959,586,847.3415,4.0555
928,423333,100,939,549,845.0885000000001,4.0015
929,423792,120,1066,602,844.7405000000001,4.025
930,424091,219,1039,661,845.268,4.1555
931,424729,100,1028,606,844.1890000000001,4.195
932,425068,100,951,533,848.2625,4.184
933,425387,120,522,278,848.1665,4.0455
934,426384,120,585,283,851.3040000000001,3.9400000000000004
935,426683,140,250,275,845.4670000000001,4.14
936,428736,219,241,288,842.5229999999999,4.0145
937,429315,100,215,282,843.1195,4.0685
938,429893,120,90,266,840.1215,3.9275
939,430830,120,94,273,843.0905,4.059
940,431228,100,250,247,845.049,4.1850000000000005
941,431866,100,1098,653,845.5564999999999,4.069
942,432285,219,1175,736,845.502,4.1194999999999995
943,432524,179,987,589,845.8165,4.0569999999999995
944,433322,199,1038,734,847.8,4.103
945,433920,140,1050,701,847.5145,4.1395
946,434419,100,1014,747,847.2155,4.163
947,434558,140,1110,704,849.4370000000001,4.1975
948,434757,179,1071,690,847.8489999999999,4.2435
949,434957,199,1048,674,847.4200000000001,4.1775
950,435435,259,1068,696,847.3330000000001,4.1895
951,435834,100,1000,726,847.3845000000001,4.1635
952,436073,140,976,602,850.444,4.211
953,436731,159,1022,639,850.3299999999999,4.2059999999999995
954,437010,279,978,645,849.1765,4.242
955,438027,120,1064,643,847.029,4.109
956,438207,179,1064,685,846.9825000000001,4.0745000000000005
957,438725,100,1141,667,847.3654999999999,4.163
958,438944,160,1077,679,849.4385,4.1135
959,439403,179,1053,693,847.993,4.1205
960,439642,179,1065,698,848.3609999999999,4.108499999999999
961,439842,439,1058,706,847.7375,4.077999999999999
962,442254,259,910,738,848.0865000000001,4.1865000000000006
963,442533,160,913,701,849.8005,4.103
964,442832,140,907,804,849.2964999999999,4.1575
965,443111,379,887,749,846.1925000000001,4.027
966,443889,100,895,730,848.4269999999999,4.1525
967,444028,140,894,723,849.1845,4.128
968,444208,219,1050,729,850.024,4.149
969,444447,339,1029,732,847.7515000000001,4.1245
970,445125,100,269,283,850.0475,4.0805
971,445982,239,904,751,849.877,4.2059999999999995
972,446919,140,927,783,848.1765,4.1655
973,447079,219,862,699,850.573,4.1925
974,447318,100,906,721,850.3599999999999,4.2265
975,448415,239,56,284,845.394,4.1765
976,449651,140,874,705,851.165,4.2225
977,450030,100,914,724,848.1165,4.1964999999999995
978,450408,359,879,799,848.4209999999999,4.12
979,450847,159,826,872,850.8309999999999,4.2385
980,451026,179,827,858,849.881,4.0805
981,451226,179,754,856,848.7405,4.1825
982,451485,140,488,326,850.9415,4.198499999999999
983,451704,120,481,288,851.6955,4.2735
984,451884,179,515,312,850.21,4.1415
985,452522,100,271,286,850.0625,4.071
986,452641,179,262,299,847.8785,4.021
987,453120,139,78,290,842.2685,3.941
988,453479,100,886,747,851.794,4.054
990,454177,479,763,777,850.5999999999999,4.149
991,454675,120,759,781,852.6775,4.1925
992,454874,199,761,789,851.81,4.162
993,455134,120,767,774,852.0699999999999,4.244
994,455273,120,768,770,851.096,4.3015
995,455472,279,926,860,851.253,4.253
996,456071,379,879,695,848.8535,4.252
997,456469,120,882,693,849.6695,4.16
998,456968,100,986,723,848.9355,4.0595
999,457107,100,998,800,848.905,4.0455
1000,457227,219,1023,793,848.221,4.036
1001,457466,279,894,726,852.014,4.064
1002,457865,120,823,859,848.952,4.005
1003,458084,199,684,789,848.8014999999999,4.098
1004,458304,139,685,777,850.2885,4.079
1005,458503,179,1018,821,849.4205,4.0264999999999995
1006,458782,120,1023,906,850.0745000000001,4.062
1007,459021,618,955,911,847.7225,4.0440000000000005
1008,459659,100,976,909,849.6365000000001,3.994
1009,459779,100,946,912,847.495,4.0745000000000005
1010,460457,239,1094,666,847.9159999999999,4.1165
1011,460756,140,1152,694,848.158,4.1035
1012,461673,219,253,731,845.543,3.8655000000000004
1013,462191,299,446,723,847.857,4.0765
1014,462949,299,388,785,847.6745,4.096
1015,463467,179,283,906,846.027,3.9705000000000004
1016,463667,299,280,901,847.9275,3.9955
1017,463986,179,283,909,847.0699999999999,4.0395
1018,464345,179,477,721,850.3125,4.0575
1019,465242,140,398,763,848.2815,4.0375
1020,465660,120,365,762,847.0625,4.001
1021,466039,120,365,758,847.2520000000001,4.1505
1022,466299,120,372,785,846.881,4.012
1024,468591,120,951,791,851.5095,3.997
1025,468831,180,954,719,850.8995,4.026
1026,469269,100,1078,733,849.6614999999999,3.9909999999999997
1027,469528,140,1136,737,849.3505,4.04
1028,469748,120,847,751,842.723,3.9685
1029,469887,379,843,744,838.0435,4.0645
1030,470366,179,702,681,825.04,4.1195
1031,471223,100,308,306,823.5615,4.1259999999999994
1032,471343,120,287,336,821.9100000000001,4.172
1033,471642,120,298,337,822.9755,4.199
1034,471961,100,90,342,823.0015000000001,4.1685
1035,472639,100,558,307,847.2455,4.3645
1036,473656,159,605,291,854.8115,4.293
1037,474373,160,608,284,856.9755,4.423500000000001
1038,476845,100,445,308,849.8895,4.0605
1039,478760,140,324,317,847.97,4.194500000000001
1040,479756,159,1275,301,818.0509999999999,4.234500000000001
1041,479956,160,1279,303,822.088,4.365
1042,481491,139,1268,226,824.6855,4.833
1043,481890,100,1291,224,830.653,5.0265
1044,482149,160,1301,320,834.3995,4.9615
1045,482488,199,1293,304,823.7465,4.8885000000000005
1046,482807,159,1291,307,822.2225000000001,4.898999999999999
1047,483086,179,1296,300,817.077,4.8405000000000005
1048,483405,159,1302,245,819.7715000000001,4.959
1049,484322,140,258,210,836.9425,4.542
1050,485857,179,188,709,832.0525,4.207
1051,486236,259,308,907,833.3525,4.2299999999999995
1052,486595,319,294,888,832.8109999999999,4.3245
1053,486934,678,301,894,832.65,4.3055
1054,487632,140,294,896,835.5754999999999,4.401
1055,487911,399,292,894,836.1365000000001,4.4254999999999995
1056,488350,379,348,818,834.711,4.359
1057,488748,239,348,811,832.012,4.297499999999999
1058,489087,538,464,786,837.111,4.368
1059,489685,179,448,784,839.215,4.254
1060,489944,219,1003,751,841.059,4.2524999999999995
1061,490383,199,843,744,844.1949999999999,4.2385
1062,490941,120,721,637,844.2090000000001,4.2305
1063,492975,100,990,504,845.7835,4.195
1064,493553,100,1022,706,842.681,4.1855
1065,493693,140,974,681,841.6110000000001,4.2225
1066,494729,100,1059,614,840.904,4.301
1067,494849,299,1055,622,840.9065,4.252
1068,495347,100,1054,627,840.9745,4.3395
1069,495846,160,1092,522,839.3865000000001,4.2695
1070,496185,160,1129,538,840.202,4.2005
1071,496364,239,1064,513,840.8055,4.163
1072,497541,219,1130,546,839.8255,4.319000000000001
1073,497959,159,1138,622,842.8480000000001,4.407
1074,498538,120,1119,585,843.663,4.2925
1075,499415,239,990,515,841.9495,4.1965
1076,499714,100,987,520,843.171,4.223
1077,500392,140,1019,499,842.0165,4.0275
1078,500810,140,1081,613,843.1365000000001,4.117
1079,501189,100,1160,639,842.4504999999999,4.175
1080,501568,219,1064,628,842.5065,4.1395
1081,502106,219,1053,629,840.999,4.1045
1082,502445,199,1064,638,840.0409999999999,4.134
1083,502665,219,1038,559,839.837,4.231999999999999
1084,502904,319,1021,585,840.0975000000001,4.165
1085,503642,199,1121,508,844.1175000000001,4.1655
1086,504140,139,1233,567,845.889,4.2195
1087,504479,139,1222,613,847.619,4.2125
1088,504638,100,1204,614,846.576,4.246
1089,504758,100,1190,637,846.8834999999999,4.198
1090,504997,159,1171,709,846.7615,4.2485
1091,505396,120,1056,502,846.4345000000001,4.2235000000000005
1092,505536,100,1053,522,846.1305,4.1585
1093,505675,100,1055,516,844.1659999999999,4.1884999999999994
1094,507350,100,420,184,847.248,4.003
1095,507968,140,248,231,839.6735,4.045999999999999
1096,509443,100,251,194,831.8525,4.262499999999999
1097,509842,159,291,209,832.4685000000001,4.297499999999999
1098,510141,100,448,816,834.6305,4.4345
1099,510321,100,443,805,837.3985,4.43
1100,510440,199,485,710,837.894,4.352499999999999
1101,510779,120,211,722,835.106,4.225999999999999
1102,511337,120,312,889,837.4514999999999,4.0945
1103,511936,160,267,634,842.1925,4.1045
1104,512613,100,616,161,843.631,4.0575
1105,512833,120,467,553,846.1605,4.2485
1106,513830,120,50,171,838.639,4.1725
1107,515484,120,238,205,847.6524999999999,4.1235
1108,516621,140,620,178,853.2325,4.3309999999999995
1109,516780,100,613,218,848.4579999999999,4.141
1110,518276,120,77,195,840.975,4.1355
1111,518754,100,230,213,841.3815,4.1635
1112,519990,180,441,197,847.0495000000001,4.1645
1113,520449,100,252,229,844.0825,4.0745000000000005
1114,521067,160,458,708,846.2985,4.1425
1115,521446,219,292,728,842.936,4.008
1116,521725,319,319,872,842.0129999999999,4.041
1117,522104,100,412,899,842.4835,4.0885
1118,522582,159,342,817,841.5875000000001,4.0065
1119,523160,179,320,892,841.4904999999999,4.164
1120,523878,239,481,804,846.7535,4.236
1121,524177,180,455,807,844.69,4.3015
1122,524396,239,459,812,845.857,4.1555
1123,524676,259,366,850,845.3985,4.2225
1124,524955,140,415,890,843.222,4.146
1125,525692,100,1056,844,844.7345,4.0915
1126,525872,100,1124,837,844.7189999999999,4.118
1127,526071,180,1118,643,844.1690000000001,4.1665
1128,526410,259,979,798,843.8485000000001,4.0765
1129,526948,199,947,803,844.3810000000001,4.1575
1130,528065,179,950,627,847.0504999999999,4.123
1131,528464,100,947,550,848.2574999999999,4.209
1132,528902,120,906,602,846.257,4.1495
1133,529042,179,871,603,844.1405,4.2445
1135,529999,159,1038,634,843.9535000000001,4.1114999999999995
1136,530258,120,941,614,847.096,4.0975
1137,530637,279,416,822,843.6545,4.0675
1138,530936,140,420,863,844.9935,4.034000000000001
1139,531355,179,991,608,843.4404999999999,4.0305
1140,531574,239,941,585,843.7495000000001,3.994
1141,531853,100,924,581,842.3995,4.065
1142,532052,100,1038,548,843.5945,4.055
1143,532431,180,1041,565,842.5415,4.0005
1144,533069,239,1114,636,843.1705,4.0345
1145,533588,120,1083,601,843.381,3.9749999999999996
1146,534963,100,1214,709,847.0129999999999,3.9625
1147,535143,179,442,848,844.021,3.9985000000000004
1148,535462,179,394,831,843.271,3.979
1149,535841,100,274,810,844.1705000000001,3.8954999999999997
1150,536080,159,235,816,842.8355,3.931
1151,536479,259,281,794,843.4359999999999,3.8834999999999997
1152,536798,219,285,798,844.2239999999999,4.047
1153,537236,100,353,798,845.5794999999999,3.9525
1154,537396,259,350,798,845.4085,4.08
1155,537695,279,324,778,846.7435,4.0169999999999995
1156,537994,179,408,818,846.3795,4.082
1157,538193,479,422,829,846.818,3.9985
1158,538971,179,247,821,845.307,4.031
1159,539529,140,226,825,845.3135,3.9429999999999996
1160,540087,179,184,723,843.6345,3.9749999999999996
1161,540287,219,195,716,841.9875,4.018000000000001
1162,540526,119,186,727,842.8185,4.0195
1163,541722,199,217,711,849.508,3.9970000000000003
1164,541961,300,242,821,844.4965,4.008
1165,542280,419,211,818,843.206,4.126
1166,542938,160,1062,723,844.2655,4.0385
1167,543178,180,979,808,843.774,3.9905
1168,544035,120,1163,639,847.8615,3.997
1169,545112,199,266,209,845.0369999999999,4.0995
1170,545869,119,536,229,849.4345000000001,4.1435
1171,546328,100,634,203,850.3335,4.2940000000000005
1172,546547,140,618,232,850.0015,4.2455
1173,546826,180,494,302,850.2629999999999,4.311
1174,547863,120,47,243,841.6714999999999,4.1205
1175,548222,120,607,733,854.2760000000001,4.254
1176,548441,160,402,696,850.0715,4.325
1177,548660,139,216,717,849.827,4.164
1178,548840,120,315,781,844.4075,4.165
1179,549059,100,276,733,844.0565,4.0735
1180,549318,518,293,884,845.5205,4.1114999999999995
1181,550076,140,437,697,844.0135,4.1705
1182,550255,180,410,695,847.656,4.234
1183,550734,120,312,767,845.2555,4.0925
1184,550873,179,302,733,843.4290000000001,3.9779999999999998
1185,551212,119,271,734,844.1804999999999,3.984
1186,551352,239,199,712,843.7145,4.0280000000000005
1187,551651,180,192,710,843.4785,4.067
1188,552110,239,338,711,846.0405,4.0575
1189,552708,119,443,703,846.4784999999999,4.1884999999999994
1190,552867,120,487,719,846.039,4.227
1191,553027,100,378,763,845.623,4.022
1192,553425,160,379,755,844.8175,4.006
1193,554502,219,155,706,844.3679999999999,3.883
1194,556396,279,261,645,845.3185000000001,4.0504999999999995
1195,557134,179,168,694,841.1315,4.027
1196,557333,239,176,684,841.809,4.141
1197,557692,299,193,637,842.633,4.045
1198,558011,180,201,638,840.8394999999999,4.0105
1199,558350,439,209,642,844.4404999999999,3.9769999999999994
1200,559287,140,192,657,841.7995,3.9699999999999998
1201,559506,259,189,664,844.5375,3.9945000000000004
1202,560085,199,188,620,843.153,4.0945
1203,560423,100,186,610,842.895,4.048500000000001
1204,560583,179,179,615,842.8625,3.9325
1205,561321,140,727,643,846.9195,4.089
1206,561819,199,865,761,847.3575000000001,3.9869999999999997
1207,562178,139,974,498,843.1595,3.9865
1208,563294,120,981,820,848.3644999999999,4.375500000000001
1209,563813,239,850,759,846.5319999999999,4.368
1211,564491,179,850,764,845.1179999999999,4.3545
1212,564690,180,843,765,846.8385000000001,4.2875
1213,564890,259,844,767,845.2725,4.277
1214,565169,100,897,645,847.038,4.2989999999999995
1215,565388,159,911,654,846.4289999999999,4.2524999999999995
1216,565627,120,810,678,847.693,4.2255
1217,566126,140,795,697,845.4925000000001,4.154
1218,567063,299,937,596,845.689,4.1290000000000004
1219,567681,179,910,634,844.8235000000001,4.148
1220,567900,180,910,637,845.4365,4.064
1221,569555,180,894,599,845.4975,4.3255
1223,570193,140,832,801,842.1010000000001,4.1445
1224,570372,160,833,754,845.3330000000001,4.2989999999999995
1225,570871,160,930,637,844.6905,4.0725
1226,571190,299,825,811,844.9205,4.15
1227,572107,120,923,573,845.0085,4.128
1228,572246,140,912,577,845.2964999999999,4.061
1229,572565,120,939,496,847.6500000000001,4.1080000000000005
1230,572864,120,898,651,847.1790000000001,3.9925
1232,574140,140,803,716,846.6775,3.9469999999999996
1233,574300,219,801,721,844.098,3.9779999999999998
1234,575078,179,1078,641,843.79,4.002000000000001
1235,575576,100,1160,642,843.8634999999999,4.071
1236,575795,140,1143,696,843.9295000000001,4.1775
1237,576074,239,1044,735,841.259,4.2565
1238,576354,159,955,797,844.4190000000001,4.3469999999999995
1239,576553,180,992,824,843.8395,4.3185
1240,576752,100,994,820,843.673,4.3245000000000005
1241,576992,179,961,819,844.2525,4.378
1242,577450,100,956,815,842.4525000000001,4.3134999999999994
1243,577570,140,1060,867,841.8475,4.32
1244,577729,219,1054,766,840.6675,4.246
1245,577968,339,1052,781,842.992,4.3235
1246,578487,120,988,692,841.866,4.252000000000001
1247,578746,199,1060,735,843.2814999999999,4.237
1248,579524,319,981,507,842.765,4.214
1249,579862,140,1000,527,841.546,4.1175
1250,580441,140,709,640,844.0645,4.153499999999999
1251,581119,120,818,785,841.5015000000001,4.1674999999999995
1252,581657,239,849,803,841.8835,4.141
1253,582155,160,863,811,843.0135,4.1165
1254,582355,339,860,804,839.8795,4.1395
1255,582913,100,924,709,844.702,4.1815
1256,583033,359,936,704,845.816,4.2095
1257,583431,140,937,671,845.3685,4.217
1258,583591,120,926,701,844.587,4.109
1259,583750,100,920,615,844.2855,4.089499999999999
1260,584029,259,1037,582,843.212,3.9579999999999997
1261,584727,100,863,728,843.327,4.077999999999999
1262,584967,219,887,711,843.3585,4.122
1264,585505,678,838,797,843.7085000000001,4.1145000000000005
1265,586203,438,835,783,841.2239999999999,4.077
1266,586681,239,926,728,845.6185,4.042
1267,586960,159,893,699,845.602,4.158
1268,587618,259,943,743,841.7239999999999,4.103
1269,587897,120,942,748,841.6955,4.041
1270,588137,179,944,745,841.397,4.0315
1271,590011,139,575,239,846.322,4.198
1272,591048,100,482,266,846.1229999999999,4.4655000000000005
1273,592104,120,263,285,845.6585,4.3165
1274,592443,100,350,277,843.7384999999999,4.274500000000001
1275,594218,100,330,733,841.1595,4.2685
1276,594457,219,310,752,842.1780000000001,4.365
1277,595015,180,318,743,837.264,4.36
1278,595414,100,345,704,838.645,4.484999999999999
1279,595553,199,171,677,838.9604999999999,4.392
1280,595852,100,79,617,836.2995000000001,4.3515
1281,596072,140,85,635,836.211,4.325
1282,596431,120,513,751,840.0025,4.461
1283,596750,140,387,755,839.76,4.3614999999999995
1284,597049,239,948,703,843.3420000000001,4.569
1285,597348,140,916,791,842.9765,4.5455000000000005
1286,597507,439,880,843,841.483,4.555999999999999
1287,598105,339,700,846,839.0515,4.487
1288,598504,379,676,830,841.9045000000001,4.5365
1289,598963,219,925,607,842.9615,4.5105
1290,599421,279,970,505,845.3119999999999,4.471
1291,599800,439,691,814,837.813,4.388999999999999
1292,600298,239,720,654,828.879,4.4645
1293,601335,140,909,586,828.562,4.355
1294,601535,239,1022,676,827.1795,4.378500000000001
1295,602113,219,1017,666,831.7795000000001,4.3475
1296,602611,120,973,543,844.1345,4.2935
1297,602751,120,1016,531,841.8515,4.2655
1298,603070,199,1032,668,835.1700000000001,4.272
1299,603488,100,998,504,839.8285000000001,4.253
1300,604166,359,322,691,838.376,4.215999999999999
1301,604864,259,369,679,836.873,4.0489999999999995
1302,605143,100,321,668,836.322,3.9989999999999997
1303,605363,259,348,770,838.808,4.095
1304,605761,120,363,769,839.4185,4.001
1305,605901,120,354,778,838.832,4.188000000000001
1306,607695,120,968,506,843.877,4.061999999999999
1307,608154,159,461,712,841.851,4.182
1308,610447,100,1276,304,843.0899999999999,4.4295
1309,611105,160,229,208,841.9415,4.313000000000001
1310,611284,160,262,235,840.4114999999999,4.2295
1311,612062,259,49,208,840.9635000000001,4.11
1312,612361,279,78,189,834.4010000000001,4.179
1313,612680,219,79,189,837.2040000000001,4.2605
1314,613038,100,97,233,839.7655,4.326
1315,613158,140,53,184,836.5855,4.2935
1316,613318,179,70,207,838.5865,4.355499999999999
1317,613517,120,281,228,844.0705,4.3925
1318,614115,100,1268,262,845.9159999999999,4.582000000000001
1319,614255,100,1282,309,844.1765,4.4325
1320,614374,120,1292,310,845.6365000000001,4.4915
1321,614733,159,272,207,845.816,4.2585
1322,614913,279,270,231,842.4385,4.3995
1323,615371,179,268,256,844.473,4.36
1324,615830,160,265,269,843.6579999999999,4.218
1325,616607,100,73,277,840.112,4.0915
1326,617046,239,445,298,848.5305,4.232
1327,617345,140,445,302,847.8475,4.264
1328,617983,100,413,260,846.4390000000001,4.194500000000001
1329,619957,100,84,608,848.3109999999999,4.136
1330,620575,139,723,630,848.4545,4.168
1331,621113,180,666,655,849.1405,4.369999999999999
1332,621970,140,250,168,842.36,4.156499999999999
1333,622509,140,1288,269,846.609,4.244
1334,622808,120,1297,293,845.972,4.239
1335,622967,140,1300,291,846.4024999999999,4.2589999999999995
1336,623805,120,314,210,844.7245,4.356
1337,625141,140,736,509,852.4855,4.5255
1338,625998,100,78,610,841.8575000000001,4.2375
1339,626556,219,57,621,841.1569999999999,4.1285
1340,626815,120,48,603,840.097,4.032
1341,626955,159,60,624,841.793,4.007
1342,627154,120,52,622,840.433,4.0985
1343,627314,199,53,627,843.3815,4.195
1344,627633,100,191,614,843.2850000000001,4.2685
1345,627812,119,248,607,843.1615,4.2495
1346,627992,180,200,658,844.1175000000001,4.297000000000001
1347,628430,140,209,669,841.3815,4.327
1348,628630,299,800,813,839.788,4.1965
1349,629288,100,812,814,842.868,4.0545
1350,629407,299,812,799,844.9255,4.117
1351,629886,100,806,802,845.2375,4.1415
1352,630025,100,875,786,845.7045,4.194
1353,630245,140,958,771,842.9380000000001,4.1995000000000005
1354,630584,140,924,730,845.1745,4.215
1355,630942,120,882,714,845.2815,4.199
1356,631481,239,207,658,841.8595,4.0055
1357,631780,100,211,612,841.3275,4.007
1358,631999,100,209,626,841.203,3.955
1359,632278,199,211,707,843.1695,4.0145
1360,632876,180,157,699,842.5440000000001,3.9450000000000003
1361,633076,100,151,700,843.4759999999999,4.0
1362,633215,837,153,693,842.7985,4.0455
1363,634093,319,159,676,844.1370000000001,4.1690000000000005
1364,634431,120,249,732,840.282,4.1635
1366,635090,299,288,768,842.527,4.3825
1367,635887,399,217,739,842.26,4.177
1368,636365,180,279,754,843.0440000000001,4.0075
1369,636704,379,194,740,842.422,4.073
1370,637462,199,259,719,843.2545,4.047000000000001
1371,637761,179,1029,737,845.863,4.0925
1372,638020,159,947,746,846.9735000000001,4.015
1373,638200,100,903,748,846.3954999999999,4.103
1374,638419,180,899,743,847.0805,4.070499999999999
1375,638718,120,895,734,845.7495000000001,4.007
1376,638898,100,896,740,845.7395,4.0155
1377,639057,100,895,745,844.3395,4.0395
1378,639276,100,901,739,845.5325,4.077500000000001
1379,639795,100,1043,668,845.1295,4.177
1380,640054,139,1038,654,845.354,4.0615000000000006
1381,640552,100,1087,650,844.085,4.0635
1382,641091,100,1024,705,846.2694999999999,4.082000000000001
1383,641310,279,1030,697,844.233,4.1165
1384,641669,100,1026,677,844.5730000000001,4.1275
1385,641908,120,933,625,845.3985,4.0655
1386,642406,140,1068,744,846.2815,4.0275
1387,642646,140,1061,735,846.55,4.1585
1388,642805,179,1068,736,845.996,4.051
1389,643064,100,1001,680,845.5335,4.0765
1390,643204,140,1003,691,845.5155,4.0415
1391,643862,159,1171,644,847.3985,4.0395
1392,644061,100,1155,643,846.34,4.0545
1393,644201,259,1158,684,846.8945000000001,4.01
1394,644540,180,1101,574,847.315,4.145
1395,644779,100,1121,598,844.456,4.131
1396,645297,219,1060,549,846.392,4.2379999999999995
1397,645576,100,892,730,845.6144999999999,4.1195
1398,645756,379,907,718,846.0935,4.0575
1399,646234,120,909,735,846.5919999999999,4.007
1400,646673,199,902,582,847.0355,4.073
1401,647152,120,903,731,845.654,4.0685
1402,647431,139,879,714,848.3510000000001,4.115
1403,647730,100,322,759,840.6815,4.1555
1404,648428,140,159,682,842.2895,4.028
1405,649225,299,63,755,844.357,4.015000000000001
1406,649544,100,49,755,842.534,3.9595000000000002
1407,649863,339,212,618,842.183,4.0184999999999995
1408,650282,140,189,684,844.512,3.987
1409,650561,140,162,679,845.235,4.0075
1410,651418,100,183,665,842.5035,4.0945
1411,651717,199,262,766,844.6714999999999,4.261
1412,652116,100,275,608,843.4635,4.244
1413,652515,100,867,688,847.29,4.1985
1414,653093,100,881,703,846.743,4.194
1415,653352,399,870,690,846.701,4.1965
1416,653811,179,869,696,845.6495,4.248
1417,654349,120,943,652,847.4069999999999,4.298
1418,654708,180,988,629,847.0070000000001,4.242
1419,655366,120,1022,654,847.3145,4.1015
1420,655565,120,1070,657,845.8785,4.192
1421,656163,180,285,724,842.4255,4.1615
1422,656642,100,424,734,843.379,3.992
1423,656841,140,975,641,849.1320000000001,4.0195
1424,658157,160,70,235,840.633,4.1695
1425,658416,100,179,719,842.342,4.2825
1426,658596,100,279,724,844.3195000000001,4.390499999999999
1427,658835,100,273,677,843.682,4.3405000000000005
1428,659393,339,48,250,842.8975,4.192
1429,661247,159,62,287,845.184,4.858499999999999
1430,661826,120,60,297,845.076,4.8615
1431,661985,179,67,286,844.2955,4.8025
1432,662523,140,67,287,848.0279999999999,4.7455
1433,665155,100,1254,218,844.587,4.489
1434,665275,179,1269,201,843.5840000000001,4.531
1435,665973,120,1276,197,846.0070000000001,4.593
1436,666112,100,1266,203,846.3605,4.548
1437,666810,120,71,231,842.7885,4.502
1438,667109,120,51,274,844.1625,4.591
1439,667268,120,58,292,843.8855000000001,4.515499999999999
1440,667966,160,53,318,842.7185,4.355
1441,668206,100,61,322,844.0415,4.4185
1442,669462,179,293,300,844.1800000000001,4.2255
1443,670598,199,206,263,845.4214999999999,4.0575
1444,671715,100,60,269,839.4385,4.1845
1445,672532,140,43,271,841.281,4.356
1446,672891,180,43,264,840.189,4.3854999999999995
1447,673310,219,973,630,847.005,4.465
1448,673549,160,1002,618,847.0140000000001,4.42
1449,673848,120,1020,654,847.8425,4.231
1450,674047,120,1017,661,848.4639999999999,4.172
1451,674825,180,68,206,839.8975,4.101
1453,676041,140,75,211,842.9205000000001,4.18
1454,676918,100,59,199,840.3575000000001,4.2465
1455,678673,100,303,307,849.9595,4.242
1456,679829,219,76,217,845.377,4.26
1457,680068,179,135,214,846.056,4.308
1458,680607,299,302,739,846.289,4.2405
1459,680926,160,307,747,847.1945000000001,4.2780000000000005
1460,681265,140,190,633,849.0645000000001,4.047
1461,681783,140,234,646,851.83,3.934
1462,682142,180,81,633,846.6595,3.958
1463,683258,180,174,678,844.649,4.0765
1464,683697,279,200,639,846.6445,4.1555
1465,684076,100,153,645,848.9165,4.014
1466,684335,139,162,632,848.8129999999999,3.9854999999999996
1467,684674,140,221,620,847.6195,4.095
1468,684933,120,240,630,848.1395,4.1185
1469,685531,180,314,579,848.985,4.089
1470,685990,160,238,548,845.0105,4.0445
1471,686189,120,292,571,846.0725,4.272
1472,686329,100,301,577,846.343,4.1475
1473,687046,100,904,732,849.369,4.195
1474,687525,100,827,816,847.9449999999999,4.194
1475,687924,100,813,805,841.4645,4.307
1476,688063,259,866,718,835.9355,4.212
1477,688342,180,845,698,818.3875,4.1835
1478,688661,299,928,734,816.6370000000001,4.1835
1479,688980,179,883,734,818.266,4.2225
1481,689379,319,880,712,819.1675,4.351
1482,690017,120,840,726,815.188,4.284
1483,690177,219,847,711,816.5920000000001,4.2475000000000005
1484,690436,558,861,712,817.262,4.2495
1485,691134,219,1012,733,817.0735000000001,4.194
1486,691373,120,1015,745,814.481,4.1225000000000005
1487,691512,299,987,674,816.5039999999999,4.121499999999999
1489,692051,379,990,683,818.8115,4.0585
1490,692470,319,1033,680,818.149,4.1135
1491,692968,239,1021,787,816.918,4.1875
1492,693327,100,1025,787,817.0809999999999,4.259
1493,693706,279,1011,743,829.6705,4.228999999999999
1494,694005,179,1087,737,837.9865,4.1455
1495,694423,100,272,625,844.541,3.9975
1496,694862,160,309,611,844.6215,3.8789999999999996
1497,695360,120,308,581,844.5925,3.9915000000000003
1498,695659,120,295,591,844.4414999999999,3.89
1499,696577,100,306,572,851.1669999999999,4.218999999999999
1500,696816,120,302,568,844.7070000000001,4.073
1501,697115,239,252,633,847.87,3.9734999999999996
1502,697454,100,1047,792,846.575,4.006
1503,697574,120,1049,776,848.187,3.9899999999999998
1504,697713,319,1046,771,848.438,3.9915000000000003
1505,698172,120,994,741,849.741,3.9725
1506,698471,120,980,742,849.5885,3.95
1507,698710,120,967,745,849.961,4.0805
1508,698869,160,984,729,849.1955,4.003
1509,699149,100,1073,605,846.9995,4.105499999999999
1510,699328,100,1059,666,847.7004999999999,4.156000000000001
1511,699567,100,1091,641,847.183,4.289
1512,699707,139,1104,649,846.0989999999999,4.1445
1513,699906,159,1128,665,848.6754999999999,4.1995000000000005
1514,700205,160,1032,610,848.3620000000001,4.1675
1515,700385,100,1020,607,848.4825000000001,4.11
1516,700564,120,1087,658,848.6495,4.1434999999999995
1517,701043,140,284,595,845.278,4.117
1518,701481,160,302,565,846.8385,3.9495000000000005
1519,702159,120,1089,642,849.808,4.0765
1520,703335,100,999,595,850.414,4.067
1521,703834,140,1021,608,848.7175,4.049
1522,704053,120,1008,609,847.8820000000001,4.0375
1523,706526,179,993,734,852.443,4.058
1524,706824,100,1027,754,850.4885,4.2235
1525,706944,120,1037,750,849.3235,4.031499999999999
1526,707084,120,1085,741,849.0029999999999,4.119
1527,707323,100,1073,759,848.309,4.193
1528,707562,180,962,737,849.616,4.139
1529,707821,199,1010,597,850.367,4.230499999999999
1530,708519,199,258,650,845.6,4.011
1531,708958,100,1014,778,852.5640000000001,4.003500000000001
1532,709137,259,1028,784,848.7315,4.041
1533,709456,140,1004,775,846.9314999999999,4.081
1534,709775,120,1003,781,849.145,4.0569999999999995
1535,710314,379,1114,681,849.498,4.1850000000000005
1536,710812,100,1088,656,849.5215000000001,4.0875
1537,710972,140,1094,645,847.8815,4.0775
1538,711669,160,1094,656,849.9649999999999,4.093500000000001
1539,711869,120,1098,648,849.333,4.016
1540,712048,139,1011,660,849.0899999999999,3.9884999999999997
1541,712547,140,1166,747,849.4639999999999,4.01
1542,712806,140,1237,744,850.2145,3.9170000000000003
1543,713045,159,1139,745,849.31,3.9585000000000004
1544,713304,419,1131,745,850.4014999999999,3.9730000000000003
1545,713823,120,1141,746,850.7825,4.032
1546,713962,140,1220,675,852.2525,4.0545
1547,714361,319,1253,651,850.3655000000001,4.156
1548,714859,259,1245,668,848.9165,4.148
1549,715158,120,1234,706,848.586,4.2325
1550,715298,120,1245,704,848.5965,4.156
1551,715657,239,1119,778,849.44,4.1635
1552,717092,100,314,614,848.8905,3.9745
1553,717571,120,1108,783,850.1324999999999,3.973
1554,717750,100,1123,782,851.111,4.1705000000000005
1555,718348,479,1072,779,848.7660000000001,4.232
1556,718847,140,1073,780,849.492,4.1705000000000005
1557,721977,100,265,587,842.8495,4.4465
1558,722276,179,313,579,841.043,4.233
1559,722655,199,250,636,841.9079999999999,4.122
1560,722874,159,298,618,842.481,4.137
1561,723213,100,126,238,839.5055,4.046
1562,724768,120,70,187,843.5875,4.413
1563,725905,100,75,270,845.85,4.532500000000001
1564,726323,180,275,255,849.313,4.4825
1565,727360,100,1176,742,852.549,4.3465
1566,727819,100,1062,766,850.88,4.27
1567,727938,120,1110,780,853.5815,4.2765
1568,728317,179,1020,760,853.332,4.3245
1569,728516,100,1016,751,853.5319999999999,4.4245
1570,728975,159,1032,657,852.11,4.406000000000001
1571,729214,239,959,800,853.1179999999999,4.4015
1572,729972,299,1057,869,855.6945000000001,4.333
1574,731348,159,1055,786,853.8534999999999,4.3525
1575,732065,159,1061,784,855.98,4.234999999999999
1576,732703,100,1043,795,856.1165000000001,4.2170000000000005
1577,733022,120,1089,790,853.8905,4.2515
1578,733162,439,1091,789,852.8004999999999,4.3355
1579,733720,259,1048,787,854.982,4.3469999999999995
1580,734099,100,1036,793,852.1785,4.1905
1581,734358,100,1032,801,852.902,4.3535
1582,734697,179,1099,798,853.383,4.257000000000001
1583,735096,100,1054,791,853.8795,4.2225
1584,735216,120,1053,789,852.389,4.2805
1585,735594,100,219,276,850.424,4.1085
1586,737090,120,1016,771,855.2204999999999,4.226999999999999
1587,737229,299,840,799,856.9195,4.2425
1588,737548,120,827,805,857.452,4.435
1589,737708,120,817,814,858.562,4.406499999999999
1590,737947,219,877,707,855.042,4.251
1591,738226,159,868,707,855.2855,4.252
1592,739024,160,194,724,851.5899999999999,4.1155
1593,739303,100,105,659,851.6995,4.1145
1594,739462,339,303,782,850.0945,4.0635
1595,740599,179,418,713,853.012,4.2765
1596,740858,140,399,710,851.9205,4.3155
1597,741237,140,313,747,852.029,4.3919999999999995
1598,741416,179,319,887,849.6279999999999,4.396
1599,743011,159,240,683,850.4845,4.359999999999999
1600,743589,100,1160,547,855.5625,4.207
1601,744088,140,1079,734,853.7004999999999,4.186
1602,744247,140,1050,720,850.588,4.2425
1603,744407,219,1043,721,853.56,4.1985
1604,744805,279,286,695,850.8435,4.1745
1605,745104,100,242,699,850.056,4.093999999999999
1606,745284,219,1070,720,854.9265,4.2315000000000005
1607,745802,100,1054,663,851.0775,4.236
1608,745922,140,1033,682,852.0895,4.2335
1609,746101,100,1001,661,851.71,4.194
1610,746500,100,256,724,850.7055,4.2170000000000005
1611,746720,159,305,796,850.3785,4.279
1612,746899,179,288,799,848.589,4.255
1613,747377,120,316,713,849.077,4.1775
1614,747577,100,304,721,848.8375,4.2325
1615,747816,140,309,727,849.9314999999999,4.1925
1616,747976,140,217,818,849.5039999999999,4.2125
1617,748494,219,247,792,848.334,4.1605
1618,748773,100,267,799,847.955,4.2170000000000005
1619,748972,199,1052,757,853.7410000000001,4.2490000000000006
1620,749311,100,964,770,852.865,4.205
1621,749909,100,1151,774,850.654,4.3025
1622,750667,199,180,805,845.9695,4.195
1623,750886,199,158,794,849.9470000000001,4.324
1624,751106,100,230,779,848.3419999999999,4.285500000000001
1625,751225,160,228,794,849.23,4.1655
1626,751704,399,190,783,849.558,4.1385000000000005
1627,752122,319,191,787,847.6985,4.154
1628,752501,100,182,783,850.2185,4.079000000000001
1629,752661,100,169,780,849.4270000000001,4.1240000000000006
1630,752860,180,1124,776,854.6625,4.263999999999999
1631,753099,100,990,763,854.6705,4.2295
1632,753598,239,213,774,851.6255000000001,4.1125
1633,754395,199,238,804,849.222,4.063
1634,754874,518,212,789,849.2085,4.073
1635,755412,219,297,800,849.3415,4.0435
1636,755652,219,290,801,848.1955,4.0895
1637,756170,120,311,792,848.8389999999999,4.245
1638,757007,100,1080,762,852.9165,4.0755
1639,757127,239,1066,763,853.1234999999999,4.0465
1640,757585,100,1025,748,855.9024999999999,3.9495
1641,757705,239,1010,748,853.691,3.9625
1642,758064,179,992,749,855.3945,4.071
1643,758263,179,1059,733,854.466,4.2195
1644,758503,139,1061,730,852.5715,4.2095
1645,759061,179,1053,732,852.528,4.205
1646,759300,239,1111,739,854.6125,4.248
1647,759759,100,1099,744,850.662,4.2475000000000005
1648,760277,100,1251,706,853.5485,4.12
1649,761015,120,181,704,848.8065,4.027
1650,761214,179,125,719,847.884,4.0675
1651,761892,199,972,658,856.2295000000001,4.084
1652,762111,120,1053,673,854.492,4.0920000000000005
1653,762450,120,944,766,853.1265000000001,4.183
1654,762590,180,945,768,850.5029999999999,4.1585
1655,762869,100,372,784,851.1265,4.225
1656,763168,359,298,819,848.2375,4.1884999999999994
1657,763646,180,240,794,848.2080000000001,4.0905
1658,763846,100,274,802,846.866,4.084
1659,764185,259,291,799,850.2215000000001,4.071
1660,764603,120,118,818,850.137,3.9355
1661,764863,120,90,756,851.7405000000001,3.968
1662,765241,219,237,896,851.317,4.0235
1663,765540,120,459,931,851.9815000000001,4.1035
1664,766138,100,257,794,849.7545,3.9779999999999998
1665,766278,140,257,800,849.9285,4.1129999999999995
1666,766537,140,264,803,847.376,4.036
1667,766797,239,235,792,850.6410000000001,4.0755
1668,767076,140,297,789,851.472,4.124499999999999
1669,767454,100,254,795,849.7060000000001,3.976
1670,768451,160,1176,759,853.14,4.0120000000000005
1671,768631,100,1113,773,851.371,4.0409999999999995
1672,768890,120,1031,824,852.9245,4.0575
1673,769029,120,1039,831,852.614,4.0925
1674,769667,120,1239,671,853.495,4.202999999999999
1675,770206,120,262,799,850.0205,4.124499999999999
1676,770365,100,252,800,851.2535,4.138
1677,770485,100,304,811,850.7595000000001,4.0175
1678,770605,160,296,810,851.7805000000001,4.108
1679,770804,120,314,829,849.6835000000001,3.9659999999999997
1680,771243,219,1065,806,854.9965,4.0405
1681,771562,100,1006,843,857.0910000000001,4.198
1682,771841,120,1077,774,854.9615,4.311
1683,772259,379,1092,773,854.4449999999999,4.27
1684,772678,100,1091,768,855.0110000000001,4.2275
1685,773057,199,1081,766,854.4255,4.3555
1686,773456,199,1096,661,853.2570000000001,4.375
1687,773695,120,1104,659,853.8860000000001,4.401
1688,773874,159,1163,658,852.3905,4.319
1689,774752,299,1191,801,853.13,4.1995000000000005
1690,775330,140,1103,507,854.371,4.241
1691,775569,140,1091,447,853.508,4.255
1692,776466,160,1072,558,850.7935,4.2204999999999995
1693,776785,259,1069,557,851.6205,4.3065
1694,777064,100,1071,553,851.6585,4.304500000000001
1695,777423,219,1007,759,852.8389999999999,4.394
1696,777662,160,999,772,851.8775,4.3945
1697,778101,100,970,746,853.4245,4.324
1698,778380,120,899,746,852.8495,4.423
1699,778839,259,812,697,851.8969999999999,4.3934999999999995
1700,779317,120,857,620,854.819,4.611000000000001
1701,779556,100,852,632,855.7365,4.4155
1702,779676,239,861,622,854.787,4.294
1703,780234,120,737,617,852.8525,4.3885000000000005
1704,780713,100,936,435,852.391,4.233499999999999
1705,783584,120,298,861,851.5945,4.111
1706,784202,120,261,797,849.329,4.151
1707,784541,160,324,811,848.099,4.047000000000001
1708,784880,120,128,709,851.5310000000001,4.2055
1709,785039,219,756,698,853.011,4.188
1710,785478,140,824,706,857.3035,4.1945
1711,785677,239,836,705,854.1035,4.146
1712,786016,120,779,747,855.3140000000001,4.2575
1713,786216,100,753,690,854.8734999999999,4.241499999999999
1714,786335,159,763,691,855.915,4.209
1715,786535,179,768,665,857.225,4.234
1716,786754,179,798,625,856.7259999999999,4.321000000000001
1717,787392,100,815,655,854.347,4.105499999999999
1718,787512,100,841,681,853.255,4.147
1719,787811,180,807,728,855.4285,4.109
1720,788030,159,831,723,854.0530000000001,4.055
1722,788608,100,861,775,854.248,4.088
1723,788788,160,743,785,854.4975,4.1049999999999995
1724,789465,180,249,800,852.1215,4.0125
1725,791001,100,808,686,855.183,4.0595
1726,791858,120,961,748,857.432,4.034000000000001
1727,792277,120,961,722,854.8705,4.0575
1728,792556,120,937,744,854.2105,3.9555
1729,792755,179,931,733,855.683,3.9935
1730,793254,100,1052,610,855.8915,4.0920000000000005
1731,794350,100,921,614,854.2765,4.1285
1732,794968,279,917,625,854.7925,4.0045
1733,795845,399,999,548,853.5635,4.03
1734,797002,120,872,594,854.71,4.127
1735,797161,120,874,578,854.627,4.2205
1736,797859,100,891,549,856.3975,4.0935
1737,798397,140,276,710,851.0909999999999,4.082
1738,798876,140,262,781,849.7815,4.167
1739,799035,120,307,806,850.129,4.048
1740,799354,259,234,778,851.0125,4.0375
1741,800252,160,190,694,852.4285000000001,3.994
1742,800451,259,533,783,851.1495,4.02
1743,800730,180,365,893,851.9725,4.205
1744,801049,100,222,844,850.9845,4.2795000000000005
1745,801229,219,111,793,852.0465,4.128
1746,801727,279,263,624,853.5405000000001,4.132
1747,802544,160,226,619,851.6355,4.0105
1748,802963,100,177,729,851.637,3.9115
1749,803123,279,114,728,849.488,3.9884999999999997
1750,803422,199,96,778,849.7584999999999,3.9305000000000003
1751,803681,120,115,708,852.2065,3.9265
1752,804837,120,1012,591,854.4865,4.1125
1753,805176,120,899,658,853.3969999999999,4.3454999999999995
1754,805615,279,961,723,853.7825,4.1905
1755,805914,180,1026,734,855.0675000000001,4.12
1756,807010,100,116,809,852.469,3.9565
1757,808047,259,986,557,855.9205,4.1435
1758,808745,100,1091,577,855.586,4.2045
1759,809343,120,253,865,851.2335,4.109
1760,809483,140,206,894,851.2115000000001,4.0865
1761,809961,160,237,806,851.9804999999999,4.0355
1762,810260,140,294,839,850.6825,3.9785000000000004
1763,810539,180,1037,587,853.326,4.038
1764,812114,140,940,534,855.9315,4.199
1765,814128,100,941,563,855.067,4.045
1766,815304,100,1030,625,854.337,4.0455000000000005
1767,815544,199,1118,662,852.738,4.1935
1768,815803,199,998,736,851.442,4.1935
1769,816481,100,913,744,854.6905,4.146
1770,816740,140,806,732,851.972,4.0489999999999995
1771,816999,120,915,669,856.3175,4.08
1772,817657,120,263,811,852.981,3.959
1773,818156,140,106,773,851.094,3.902
1774,818514,100,322,767,852.8675000000001,3.8729999999999998
1775,819312,100,1078,617,855.3905,4.0495
1776,819651,120,267,717,854.5945,4.0265
1777,819810,120,332,799,853.6869999999999,4.084
1778,820010,299,289,816,852.634,3.9705000000000004
1779,820608,219,342,766,851.6324999999999,4.0465
1780,820887,100,432,932,852.7805000000001,4.0329999999999995
1781,821006,199,446,943,851.5475,3.987
1782,821884,120,270,610,854.6805,3.9365
1783,822402,100,231,608,855.89,3.912
1784,823818,120,1018,586,852.3695,3.9864999999999995
1785,823977,120,929,740,854.3109999999999,4.029999999999999
1786,824436,160,971,541,855.909,4.1745
1787,824835,100,977,545,855.1095,4.402
1788,825472,120,1097,472,853.193,4.3105
1789,825612,179,1058,454,853.0875,4.271
1790,825911,100,1060,468,855.3775,4.3065
1791,826130,120,1033,456,856.171,4.3435
1792,827167,219,284,631,852.1959999999999,4.2005
1793,827865,179,286,638,851.8705,4.165
1794,829061,179,87,246,849.6365,4.02
1795,830596,199,57,290,847.8365,4.5235
1796,830856,219,53,278,847.914,4.550000000000001
1797,831892,179,73,281,847.6105,4.3345
1798,832211,100,74,276,846.4445000000001,4.2915
1799,832451,160,73,269,849.097,4.2255
1800,832650,120,61,273,849.1675,4.252000000000001
1801,832989,120,80,253,848.5225,4.1975
1802,833208,120,92,243,848.0675,4.224
1803,833388,239,97,249,850.086,4.291
1804,833826,180,92,266,848.517,4.2620000000000005
1805,834504,319,99,257,845.281,4.2219999999999995
1806,836538,299,111,252,845.857,4.279999999999999
1807,837455,100,145,299,844.49,4.3305
1808,837933,180,104,269,845.162,4.3835
1809,838173,339,104,270,845.008,4.188000000000001
1810,838532,140,100,275,844.3705,4.267
1811,838831,100,80,264,847.3785,4.247
1813,841363,140,1032,569,853.7185,4.188000000000001
1814,841542,100,1029,550,852.219,4.225
1815,842778,140,133,296,856.0255,4.111000000000001
1816,843097,120,97,276,848.909,4.067
1817,843456,159,82,273,847.2,4.0805
1818,843676,160,93,274,848.4395,4.074
1819,843875,199,74,279,849.7154999999999,4.136
1820,844533,100,64,322,847.7755,4.4079999999999995
1821,845849,259,281,781,845.3655,4.2885
1822,846148,160,242,826,846.901,4.2605
1823,846327,120,209,884,846.8415,4.3295
1824,846566,279,218,891,845.4295000000001,4.439
1825,847125,339,309,695,848.288,4.321
1826,847523,179,903,725,851.2795000000001,4.225
1827,847723,199,818,729,850.293,4.231
1828,848022,139,1036,751,848.929,4.189500000000001
1829,848241,199,1026,749,849.8975,4.224
1830,848620,100,938,555,852.7710000000001,4.262
1831,848919,120,844,687,852.544,4.301
1832,850733,100,696,475,851.435,4.251
1833,851511,140,193,879,847.107,4.104
1834,851750,160,215,887,845.977,4.177
1835,851970,120,221,885,847.2455,4.305
1836,852468,139,554,555,850.2674999999999,4.221
1837,852807,279,87,528,845.0875,4.0275
1838,853664,120,54,532,843.214,4.0215
1839,854163,179,716,478,853.8330000000001,4.1659999999999995
1840,855000,180,827,711,851.21,4.150499999999999
1841,855957,119,835,713,850.4375,4.115
1842,856136,100,813,698,848.4095,4.0835
1843,857193,100,942,510,849.1775,4.1345
1844,857492,179,997,730,848.3805,4.168
1845,857712,100,1166,731,848.221,4.216
1846,857931,140,717,777,849.2194999999999,4.21
1847,858190,140,726,773,849.495,4.1884999999999994
1848,858409,219,980,708,850.1959999999999,4.181
1849,859007,180,996,701,849.7069999999999,4.162
1850,859705,160,289,584,847.7650000000001,4.176
1851,859944,100,437,630,847.79,4.046
1852,860682,100,544,780,847.441,4.037
1853,860922,100,524,786,848.781,4.1295
1854,861779,180,81,534,846.1434999999999,4.023
1855,863812,100,553,577,850.7665,4.2105
1856,864630,100,740,502,852.7775,4.2885
1857,864869,120,806,605,850.0045,4.250500000000001
1858,865188,100,796,598,848.3795,4.1505
1859,865627,120,802,957,844.358,4.1795
1860,866883,120,606,710,848.8985,4.0215
1861,867740,199,446,971,844.2214999999999,3.981
1862,868358,120,427,830,849.9065,4.114
1863,868737,100,385,797,845.196,4.0835
1864,868956,120,368,795,848.0925,4.1005
1865,869195,180,377,799,846.0595000000001,4.0955
1866,869615,239,952,549,847.4015,4.0855
1867,870073,199,399,595,851.0285,4.025
1868,870292,100,388,587,848.3015,4.049
1869,871688,339,342,675,845.5775,4.0634999999999994
1870,872545,100,303,645,846.094,4.0165
1871,873502,179,949,612,849.9645,4.102
1872,873701,140,998,582,850.0899999999999,3.915
1873,874658,100,865,584,852.6424999999999,4.1495
1874,875516,160,237,224,846.75,4.096
1875,876233,239,265,222,846.8225,3.9565
1876,876493,140,248,194,848.4955,4.089
1877,876652,120,274,209,848.297,3.9695
1878,877190,140,66,219,843.976,4.0965
1879,879025,100,238,194,845.758,4.2005
1880,879384,139,255,252,847.008,4.179
1881,880341,119,258,246,847.621,4.283
1882,880739,219,58,248,842.6445000000001,4.0675
1883,882035,219,313,679,847.65,4.202
1884,883790,100,899,661,851.6495,4.2275
1885,883929,160,886,683,852.737,4.2044999999999995
1886,884109,100,911,666,854.7395,4.1925
1887,884607,259,869,681,853.3575000000001,4.452999999999999
1888,885664,100,1057,598,850.534,4.1455
1889,886182,100,717,558,854.4915,4.1425
1891,888674,139,882,975,848.8015,4.1785
1892,888854,100,870,980,849.0595000000001,4.0945
1893,889831,100,883,463,852.1995,4.0495
1894,890369,100,723,502,855.4479999999999,4.0795
1895,891366,120,868,658,853.692,4.0555
1896,892163,100,814,690,854.9965,4.1685
1897,893360,319,345,697,847.002,3.912
1898,893778,100,308,651,847.7965,3.81
1899,895074,179,760,683,853.0965000000001,4.125
1900,895274,159,847,650,854.462,4.132
1901,896251,100,899,516,852.2370000000001,4.1005
1902,896490,100,883,502,851.4485,3.971
1903,896629,120,864,469,854.6575,3.9645
1904,896789,120,759,549,852.3885,3.907
1905,897248,100,866,589,849.9875,4.104
1906,897447,100,856,636,851.263,4.114
1907,898763,239,959,685,854.458,4.1565
1908,899022,319,969,737,852.0485,4.176
1909,899361,259,963,740,849.5169999999999,4.207
1910,899640,100,909,745,851.516,4.159
1911,900238,199,934,747,851.0475,4.000500000000001
1912,900537,179,930,745,849.894,3.9635
1913,900816,100,1017,807,852.4875,4.074
1914,900936,119,1074,788,851.5945,4.077999999999999
1915,901255,199,1104,789,851.0409999999999,4.002
1916,901634,160,1065,782,849.6355,3.9965
1917,901953,100,1073,766,850.456,4.0235
1918,902132,259,1068,783,851.2695000000001,4.0565
1919,902970,239,1187,757,851.3025,4.2245
1920,903229,180,1202,814,848.5115000000001,4.1675
1921,903946,140,822,674,850.919,4.2605
1922,905721,120,939,681,854.7345,4.037
1923,906459,120,961,523,853.6655000000001,3.9695
1924,906718,100,960,503,854.6160000000001,3.995
1925,906837,100,955,558,853.152,4.0395
1926,907675,199,963,568,855.3030000000001,4.08
1927,907914,100,959,577,854.3599999999999,3.9879999999999995
1928,908213,159,913,695,854.299,4.0905000000000005
1929,909310,160,1106,650,853.608,4.099
1930,910227,100,934,569,852.9855,4.0325
1931,910426,239,1115,543,852.7185,4.0045
1932,910805,179,1170,520,853.7455,4.038
1933,911503,159,1078,625,850.9929999999999,4.1145
1934,911902,180,340,664,856.973,4.0969999999999995
1935,912141,159,318,667,851.4280000000001,3.9654999999999996
1936,912500,120,345,697,851.821,3.9110000000000005
1937,912679,219,157,770,851.9024999999999,3.8440000000000003
1938,914513,100,891,690,855.135,4.047000000000001
1939,914793,120,927,687,854.7484999999999,4.037000000000001
1940,914932,120,912,704,854.866,4.1025
1941,915670,100,858,561,857.1134999999999,4.073
1942,916168,100,956,663,855.899,4.0424999999999995
1943,916328,140,958,663,856.5464999999999,4.037
1944,916487,160,953,660,855.435,3.9829999999999997
1945,916707,139,1109,823,854.9894999999999,3.9699999999999998
1946,916866,179,1114,810,853.1965,3.9385000000000003
1947,917105,259,1105,817,852.807,4.0105
1948,917604,160,991,865,852.086,3.94
1949,917783,120,1000,851,854.0195000000001,3.979
1950,918062,100,877,975,852.454,4.0985
1951,918302,259,909,984,853.1859999999999,4.0145
1952,918680,100,377,692,854.1675,4.0785
1953,919578,199,977,752,852.868,3.9265
1954,920355,120,1131,702,852.496,4.115
1955,920594,140,1171,723,852.853,4.0715
1956,920814,179,986,724,854.5305000000001,4.129
1957,921651,120,404,786,851.588,3.9539999999999997
1958,921810,140,356,785,851.8505,4.0104999999999995
1959,922010,259,361,785,848.7775,4.0275
1960,922289,199,359,763,850.649,3.9895
1961,923705,160,1061,681,854.5039999999999,4.1965
1962,924243,179,1035,649,853.1765,4.1165
1963,924841,139,965,698,854.0575,4.1
1964,925040,279,1027,662,852.6895000000001,4.1034999999999995
1965,925479,139,1010,672,851.661,4.125
1966,925658,120,1002,663,852.527,4.208
1967,925798,120,1003,672,851.97,4.2035
1968,925978,140,1076,685,854.2525,4.194
1969,926137,199,1091,677,854.2080000000001,4.221500000000001
1970,926356,179,1002,669,852.0245,4.2844999999999995
1971,927174,140,960,664,851.106,4.114000000000001
1972,927473,140,967,655,852.3425,4.125
1973,927752,100,314,706,853.324,4.0145
1974,928051,100,287,738,851.148,3.9395
1975,928629,100,1009,685,852.4814999999999,3.9760000000000004
1976,929826,120,1093,662,853.38,4.106
1977,930065,140,1035,657,851.701,4.243
1978,930224,279,1036,652,850.399,4.1695
1979,930663,160,1129,681,850.9915000000001,4.1295
1980,930842,120,1085,792,851.5865,4.220000000000001
1981,930982,120,1096,776,852.3589999999999,4.2355
1982,931121,299,1167,727,854.2695000000001,4.2505
1983,931540,259,1047,952,853.8140000000001,4.135999999999999
1984,931879,140,1024,970,851.3105,4.15
1985,932158,259,1199,687,852.1714999999999,4.127
1986,932477,179,1228,691,854.37,4.154
1987,933155,100,926,672,854.2180000000001,4.202
1988,933275,179,1005,735,854.7289999999999,4.305
1989,933952,279,1113,672,854.2185,4.259
1990,934930,160,1098,653,852.4395000000001,4.132000000000001
1991,935109,120,933,748,851.3309999999999,4.174
1992,935268,239,948,751,854.9935,4.2655
1993,936206,119,941,753,856.2270000000001,4.089
1994,936465,219,900,788,854.0550000000001,4.059
1995,937501,120,322,688,851.645,3.9585
1996,938119,120,939,752,855.4735000000001,4.067
1997,938279,219,974,758,855.9285,3.979
1998,938897,140,328,713,854.5585,3.964
1999,939196,140,282,726,853.2439999999999,3.816
2000,939555,140,302,759,852.6925,3.9705
2001,940871,100,323,713,853.2379999999999,4.132
2002,941608,160,966,770,856.1205,4.0075
2003,942386,139,945,677,854.1655,3.9465000000000003
2004,942685,140,893,661,852.3589999999999,3.9270000000000005
2005,942845,100,885,677,857.0084999999999,3.9835000000000003
2006,943084,199,902,660,853.816,4.1105
2007,943642,100,895,673,855.8969999999999,4.1505
2008,944101,120,900,630,854.2479999999999,4.149
2009,944739,100,955,812,855.0315,4.0344999999999995
2010,945736,160,286,822,849.3775,3.96
2011,946633,140,1092,670,855.8295,4.0555
2012,946852,160,1156,672,855.083,4.091
2013,947111,120,1156,672,856.004,4.0445
2014,947550,159,188,302,850.222,3.927
2015,949145,140,434,287,859.9755,4.2325
2017,952754,199,51,222,837.8865000000001,4.213500000000001
2018,953750,100,44,215,843.146,4.337
2019,954109,120,69,206,841.2170000000001,4.4135
2020,954508,159,79,218,843.635,4.41
2021,955385,140,79,213,843.3625,4.43
2022,956143,140,97,198,841.4254999999999,4.356999999999999
2023,957838,140,1047,644,850.6485,4.481
2024,958436,100,395,783,847.004,4.0665
2025,958795,239,303,826,849.508,4.0424999999999995
2026,959054,100,325,806,851.4455,4.0745000000000005
2027,960749,120,1055,705,856.4939999999999,4.223
2028,961008,159,1016,697,856.4435,4.1875
2029,961307,179,1112,681,857.3375,4.1594999999999995
2030,961646,120,1035,691,853.095,4.1884999999999994
2031,961945,120,1094,687,853.9820000000001,4.1875
2032,963241,100,1061,681,854.4390000000001,4.198499999999999
2033,963540,100,998,668,854.579,4.2105
2034,963839,120,998,680,857.52,4.192
2035,964098,120,1016,687,858.306,4.194
2036,964397,120,1000,699,856.4459999999999,4.1979999999999995
2037,964696,239,1074,676,856.4615,4.1245
2038,964995,339,1150,663,854.1569999999999,4.131
2039,965414,140,1178,657,857.986,4.0755
2040,965573,139,1096,678,857.5595000000001,4.1225000000000005
2041,966191,259,1105,665,856.4490000000001,4.0605
2042,966730,279,1097,667,854.7795,4.1155
2043,967049,119,1149,650,858.1685,4.1695
2044,967288,160,1048,674,856.3585,4.1435
2045,967547,100,977,684,854.8785,4.219
2046,967727,140,996,675,855.3905,4.3294999999999995
2047,968165,160,1091,665,857.7495,4.165
2048,968744,279,1146,662,849.829,4.250500000000001
2049,969162,160,1195,655,849.0245,4.0649999999999995
2050,969601,359,1077,670,848.6835,4.2515
2051,970259,199,1051,636,852.4045,4.42
2052,970498,179,1034,617,855.1225,4.415
2053,970996,140,1020,692,851.4580000000001,4.255
2054,971176,120,1098,693,851.769,4.303
2055,973010,119,107,226,846.4975,4.390000000000001
2056,973289,259,107,215,844.9735000000001,4.470000000000001
2057,973588,160,107,210,846.86,4.3725000000000005
2058,973768,100,103,212,846.7375,4.4944999999999995
2059,973887,159,111,203,845.0935000000001,4.429499999999999
2060,974466,259,222,585,847.3535000000002,4.510999999999999
2061,975462,119,39,213,843.8235,4.1985
2062,976718,199,1062,676,853.4265,4.391
2063,977097,379,385,773,850.3725,4.343
2064,977496,239,302,694,851.756,4.1685
2065,977795,239,306,704,850.8230000000001,4.115
2066,978054,120,320,711,851.3395,4.208
2067,978214,219,311,712,850.9035,4.1129999999999995
2068,978991,100,1023,676,853.811,4.2465
2069,979350,120,998,690,851.971,4.2615
2070,979709,100,304,696,851.0785,4.103
2071,979849,140,299,702,850.6375,4.13
2072,980008,160,299,807,851.3185000000001,4.106
2073,980227,100,320,806,849.5,4.1375
2074,980347,140,312,802,848.9715,4.1515
2075,980626,179,1128,660,852.767,4.124
2076,981145,160,1094,666,852.9490000000001,4.144
2077,981404,120,1009,693,852.7145,4.3445
2078,981683,100,950,757,853.1235,4.298
2079,981842,279,978,743,853.4490000000001,4.3895
2080,982241,160,968,752,851.9089999999999,4.1495
2081,982440,120,967,748,854.0205000000001,4.2175
2082,982700,259,963,745,851.674,4.1274999999999995
2083,983078,239,956,745,853.8130000000001,4.1395
2084,983338,160,957,747,853.5855,4.183999999999999
2085,983617,140,969,730,852.559,4.088
2086,984115,100,158,658,849.026,3.968
2087,984693,100,395,793,850.4670000000001,4.0245
2088,985092,100,350,538,851.6110000000001,4.0045
2089,985790,120,368,458,850.981,4.2425
2090,986468,239,432,623,851.848,4.224
2091,987385,259,758,741,853.2545,4.2989999999999995
2092,987923,120,953,746,852.1890000000001,4.3175
2093,988083,100,936,744,854.3035,4.3115000000000006
2094,988202,299,935,732,853.3910000000001,4.3255
2095,988601,139,930,739,851.904,4.253
2096,988781,120,761,721,852.3915,4.343500000000001
2097,988960,120,759,730,851.083,4.2940000000000005
2098,989199,179,800,955,847.7155,4.225
2099,990077,219,788,712,850.1175000000001,4.237
2100,991153,100,934,664,849.4415,4.1065
2101,991911,120,144,790,845.4110000000001,4.0165
2102,992349,199,233,787,845.3565000000001,4.108499999999999
2103,992589,140,237,774,846.2525,3.9314999999999998
2104,993446,120,107,695,847.7945,4.171
2105,993705,279,386,700,845.829,4.2330000000000005
2106,995300,139,55,216,843.88,4.311
2107,998231,179,824,713,851.5345,4.484999999999999
2108,1000025,180,87,261,846.403,4.2620000000000005
2109,1000344,120,234,238,845.8844999999999,4.2315000000000005
2110,1001441,100,1230,211,847.5675,4.5760000000000005
2111,1003554,100,900,800,849.0340000000001,4.5634999999999994
2112,1003754,179,1046,766,847.2085,4.4725
2113,1004332,120,450,726,844.678,4.407
2114,1004751,179,434,680,843.5475,4.388
2115,1005010,100,389,696,842.7594999999999,4.3355
2116,1005149,160,396,708,842.462,4.4275
2117,1005349,119,394,697,841.185,4.394
2118,1005648,199,498,700,844.8620000000001,4.356
2119,1006226,140,260,224,843.8064999999999,4.4405
2120,1007123,279,457,695,850.3944999999999,4.317
2121,1007422,219,449,683,849.3520000000001,4.4205000000000005
2122,1008838,160,449,187,850.265,4.053
2123,1010413,139,360,705,846.3140000000001,4.1705
2124,1011071,120,463,789,848.7585,4.163
2125,1012167,120,1192,353,849.6545000000001,4.153
2126,1012885,120,522,740,848.131,4.3235
2127,1015676,160,434,528,844.6795,4.641
2128,1016015,100,711,415,843.5815,4.7795000000000005
2129,1016713,120,1148,1026,833.8615,4.7455
2130,1017331,179,549,413,843.1595,4.788
